Frequency,Impedance,Phase Angle,Temperature (Dry Bath)
46.41588833612777,62200.0,-83,66.39210000000001
100.0,24300.0,-83,66.39210000000001
215.44346900318823,5890.0,-68,66.39210000000001
464.15888336127773,1530.0,-49,66.39210000000001
1000.0,548.0,-29,66.39210000000001
2154.4346900318824,483.0,-42,66.39210000000001
4641.588833612777,397.0,-63,66.39210000000001
