Frequency,Impedance,Phase Angle,Temperature (Dry Bath)
46.41588833612777,73000.0,-84,66.4125
100.0,26100.0,-79,66.4125
215.44346900318823,9570.0,-82,66.4125
464.15888336127773,1740.0,-21,66.4125
1000.0,1350.0,-36,66.4125
2154.4346900318824,1020.0,-57,66.4125
4641.588833612777,732.0,-84,66.4125
