Frequency,Impedance,Phase Angle,Temperature (Dry Bath)
46.41588833612777,66900.0,-74,65.7226
100.0,13900.0,-24,65.7226
215.44346900318823,11800.0,-20,65.7226
464.15888336127773,10400.0,-21,65.7226
1000.0,9030.0,-28,65.7226
2154.4346900318824,7690.0,-41,65.7226
4641.588833612777,5900.0,-56,65.7226
