Frequency,Impedance,Phase Angle,Temperature (Dry Bath)
46.41588833612777,443000.0,-13,65.8478
100.0,404000.0,-14,65.8478
215.44346900318823,366000.0,-16,65.8478
464.15888336127773,334000.0,-21,65.8478
1000.0,286000.0,-30,65.8478
2154.4346900318824,251000.0,-52,65.8478
4641.588833612777,228000.0,-82,65.8478
