Frequency,Impedance,Phase Angle,Temperature (Dry Bath)
46.41588833612777,70700.0,-72,65.8227
100.0,17800.0,-31,65.8227
215.44346900318823,13900.0,-28,65.8227
464.15888336127773,11400.0,-29,65.8227
1000.0,9510.0,-37,65.8227
2154.4346900318824,7900.0,-55,65.8227
4641.588833612777,6060.0,-83,65.8227
