Frequency,Impedance,Phase Angle,Temperature (Dry Bath)
46.41588833612777,63500.0,-73,65.8005
100.0,14700.0,-28,65.8005
215.44346900318823,11900.0,-25,65.8005
464.15888336127773,10000.0,-27,65.8005
1000.0,8470.0,-36,65.8005
2154.4346900318824,7030.0,-54,65.8005
4641.588833612777,5380.0,-83,65.8005
