Frequency,Impedance,Phase Angle,Temperature (Dry Bath)
46.41588833612777,76200.0,-83,66.1883
100.0,28000.0,-74,66.1883
215.44346900318823,8950.0,-64,66.1883
464.15888336127773,2380.0,-46,66.1883
1000.0,1600.0,-56,66.1883
2154.4346900318824,1100.0,-74,66.1883
4641.588833612777,692.0,-102,66.1883
