Frequency,Impedance,Phase Angle,Temperature (Dry Bath)
46.41588833612777,61400.0,-72,65.6239
100.0,14200.0,-24,65.6239
215.44346900318823,11700.0,-20,65.6239
464.15888336127773,10400.0,-21,65.6239
1000.0,9020.0,-28,65.6239
2154.4346900318824,7670.0,-41,65.6239
4641.588833612777,5890.0,-56,65.6239
