Frequency,Impedance,Phase Angle,Temperature (Dry Bath)
46.41588833612777,99800.0,-11,65.7325
100.0,92000.0,-11,65.7325
215.44346900318823,85100.0,-12,65.7325
464.15888336127773,78700.0,-17,65.7325
1000.0,71600.0,-26,65.7325
2154.4346900318824,67400.0,-41,65.7325
4641.588833612777,56200.0,-68,65.7325
