Frequency,Impedance,Phase Angle,Temperature (Dry Bath)
46.41588833612777,2720000.0,-103,65.8227
100.0,5360000.0,134,65.8227
215.44346900318823,1900000.0,132,65.8227
464.15888336127773,440000.0,-167,65.8227
1000.0,268000.0,-97,65.8227
2154.4346900318824,40200.0,57,65.8227
4641.588833612777,2210.0,131,65.8227
