Frequency,Impedance,Phase Angle,Temperature (Dry Bath)
46.41588833612777,407000.0,-4,65.8144
100.0,379000.0,-7,65.8144
215.44346900318823,349000.0,-9,65.8144
464.15888336127773,284000.0,-14,65.8144
1000.0,307000.0,-25,65.8144
2154.4346900318824,278000.0,-49,65.8144
4641.588833612777,296000.0,-80,65.8144
