Frequency,Impedance,Phase Angle,Temperature (Dry Bath)
46.41588833612777,62800.0,-84,65.8478
100.0,19700.0,-79,65.8478
215.44346900318823,5830.0,-61,65.8478
464.15888336127773,1880.0,-34,65.8478
1000.0,1450.0,-45,65.8478
2154.4346900318824,1040.0,-65,65.8478
4641.588833612777,702.0,-90,65.8478
