Frequency,Impedance,Phase Angle,Temperature (Dry Bath)
46.41588833612777,2500000.0,-1,65.8096
100.0,2320000.0,-7,65.8096
215.44346900318823,2090000.0,-8,65.8096
464.15888336127773,1930000.0,-19,65.8096
1000.0,1450000.0,-39,65.8096
2154.4346900318824,1590000.0,-70,65.8096
4641.588833612777,994000.0,-115,65.8096
