Frequency,Impedance,Phase Angle,Temperature (Dry Bath)
46.41588833612777,64800.0,-88,66.3807
100.0,20300.0,-75,66.3807
215.44346900318823,3310.0,-26,66.3807
464.15888336127773,2570.0,-23,66.3807
1000.0,2250.0,-27,66.3807
2154.4346900318824,1990.0,-42,66.3807
4641.588833612777,1580.0,-63,66.3807
