Frequency,Impedance,Phase Angle,Temperature (Dry Bath)
46.41588833612777,846000.0,-8,66.3071
100.0,782000.0,-9,66.3071
215.44346900318823,675000.0,13,66.3071
464.15888336127773,624000.0,-8,66.3071
1000.0,610000.0,-26,66.3071
2154.4346900318824,546000.0,-52,66.3071
4641.588833612777,530000.0,-79,66.3071
