Frequency,Impedance,Phase Angle,Temperature (Dry Bath)
46.41588833612777,62300.0,-80,66.2797
100.0,21400.0,-67,66.2797
215.44346900318823,5700.0,-28,66.2797
464.15888336127773,4570.0,-31,66.2797
1000.0,3590.0,-40,66.2797
2154.4346900318824,2790.0,-56,66.2797
4641.588833612777,2010.0,-78,66.2797
