Frequency,Impedance,Phase Angle,Temperature (Dry Bath)
30.0,21000.0,-79,15.974900000000002
46.3679,21000.0,-79,15.974900000000002
100.0,21000.0,-79,15.974900000000002
215.827,21000.0,-79,15.974900000000002
461.538,21000.0,-79,15.974900000000002
1000.0,21000.0,-79,15.974900000000002
2142.86,21000.0,-79,15.974900000000002
5000.0,21000.0,-79,15.974900000000002
5000.0,21000.0,-79,15.974900000000002
