Frequency,Impedance,Phase Angle,Temperature (Dry Bath)
46.41588833612777,976000.0,1,65.6951
100.0,850000.0,9,65.6951
215.44346900318823,858000.0,-10,65.6951
464.15888336127773,752000.0,-21,65.6951
1000.0,660000.0,-36,65.6951
2154.4346900318824,487000.0,-63,65.6951
4641.588833612777,436000.0,-99,65.6951
