Frequency,Impedance,Phase Angle,Temperature (Dry Bath)
46.41588833612777,137000.0,-10,65.8257
100.0,127000.0,-10,65.8257
215.44346900318823,118000.0,-12,65.8257
464.15888336127773,110000.0,-17,65.8257
1000.0,99300.0,-28,65.8257
2154.4346900318824,92400.0,-43,65.8257
4641.588833612777,76000.0,-73,65.8257
