Frequency,Impedance,Phase Angle,Temperature (Dry Bath)
46.41588833612777,64300.0,-11,66.4125
100.0,60000.0,-9,66.4125
215.44346900318823,55600.0,-11,66.4125
464.15888336127773,51700.0,-15,66.4125
1000.0,47400.0,-25,66.4125
2154.4346900318824,41900.0,-46,66.4125
4641.588833612777,37500.0,-66,66.4125
