Frequency,Impedance,Phase Angle,Temperature (Dry Bath)
46.41588833612777,57600.0,-81,66.3071
100.0,19300.0,-79,66.3071
215.44346900318823,6270.0,-70,66.3071
464.15888336127773,1440.0,-51,66.3071
1000.0,940.0,-53,66.3071
2154.4346900318824,590.0,-65,66.3071
4641.588833612777,341.0,-72,66.3071
