Frequency,Impedance,Phase Angle,Temperature (Dry Bath)
46.41588833612777,96000.0,-65,65.9013
100.0,27500.0,-17,65.9013
215.44346900318823,24400.0,-15,65.9013
464.15888336127773,22000.0,-17,65.9013
1000.0,20000.0,-24,65.9013
2154.4346900318824,17800.0,-40,65.9013
4641.588833612777,15300.0,-53,65.9013
