Frequency,Impedance,Phase Angle,Temperature (Dry Bath)
46.41588833612777,71200.0,-71,66.3601
100.0,24100.0,-29,66.3601
215.44346900318823,18300.0,-27,66.3601
464.15888336127773,15300.0,-30,66.3601
1000.0,12500.0,-37,66.3601
2154.4346900318824,10200.0,-53,66.3601
4641.588833612777,7760.0,-80,66.3601
