Frequency,Impedance,Phase Angle,Temperature (Dry Bath)
30.0,135000.0,-68,15.960899999999999
46.3679,135000.0,-68,15.960899999999999
100.0,135000.0,-68,15.960899999999999
215.827,135000.0,-68,15.960899999999999
461.538,135000.0,-68,15.960899999999999
1000.0,135000.0,-68,15.960899999999999
2142.86,135000.0,-68,15.960899999999999
5000.0,135000.0,-68,15.960899999999999
5000.0,135000.0,-68,15.960899999999999
