Frequency,Impedance,Phase Angle,Temperature (Dry Bath)
46.41588833612777,85600.0,-63,66.1883
100.0,19800.0,-16,66.1883
215.44346900318823,17900.0,-13,66.1883
464.15888336127773,16700.0,-15,66.1883
1000.0,16500.0,-24,66.1883
2154.4346900318824,14700.0,-42,66.1883
4641.588833612777,13100.0,-64,66.1883
