Frequency,Impedance,Phase Angle,Temperature (Dry Bath)
46.41588833612777,1850000.0,-6,65.6951
100.0,1700000.0,-3,65.6951
215.44346900318823,1500000.0,-1,65.6951
464.15888336127773,1430000.0,-16,65.6951
1000.0,1180000.0,-33,65.6951
2154.4346900318824,1250000.0,-63,65.6951
4641.588833612777,812000.0,-104,65.6951
