Frequency,Impedance,Phase Angle,Temperature (Dry Bath)
46.41588833612777,63000.0,-74,65.7349
100.0,14100.0,-24,65.7349
215.44346900318823,11900.0,-20,65.7349
464.15888336127773,10400.0,-21,65.7349
1000.0,9090.0,-27,65.7349
2154.4346900318824,7750.0,-41,65.7349
4641.588833612777,5950.0,-56,65.7349
