Frequency,Impedance,Phase Angle,Temperature (Dry Bath)
46.41588833612777,79900.0,-74,65.8096
100.0,20500.0,-19,65.8096
215.44346900318823,17800.0,-16,65.8096
464.15888336127773,16300.0,-19,65.8096
1000.0,14700.0,-29,65.8096
2154.4346900318824,13100.0,-51,65.8096
4641.588833612777,11700.0,-82,65.8096
