Frequency,Impedance,Phase Angle,Temperature (Dry Bath)
46.41588833612777,101000.0,-54,66.2422
100.0,39500.0,-13,66.2422
215.44346900318823,36600.0,-12,66.2422
464.15888336127773,34600.0,-15,66.2422
1000.0,32300.0,-24,66.2422
2154.4346900318824,29400.0,-43,66.2422
4641.588833612777,26800.0,-64,66.2422
