Frequency,Impedance,Phase Angle,Temperature (Dry Bath)
46.41588833612777,67600.0,-83,65.7202
100.0,26400.0,-77,65.7202
215.44346900318823,7430.0,-70,65.7202
464.15888336127773,1950.0,-58,65.7202
1000.0,1120.0,-70,65.7202
2154.4346900318824,630.0,-89,65.7202
4641.588833612777,335.0,-113,65.7202
