Frequency,Impedance,Phase Angle,Temperature (Dry Bath)
46.41588833612777,60900.0,-85,66.1041
100.0,18500.0,-77,66.1041
215.44346900318823,5850.0,-76,66.1041
464.15888336127773,1350.0,-50,66.1041
1000.0,827.0,-57,66.1041
2154.4346900318824,515.0,-69,66.1041
4641.588833612777,292.0,-75,66.1041
