Frequency,Impedance,Phase Angle,Temperature (Dry Bath)
46.41588833612777,87800.0,-15,65.8257
100.0,81200.0,-12,65.8257
215.44346900318823,75700.0,-13,65.8257
464.15888336127773,70100.0,-18,65.8257
1000.0,64100.0,-28,65.8257
2154.4346900318824,59700.0,-44,65.8257
4641.588833612777,50100.0,-75,65.8257
