Frequency,Impedance,Phase Angle,Temperature (Dry Bath)
46.41588833612777,64500.0,-82,66.2797
100.0,23100.0,-81,66.2797
215.44346900318823,6470.0,-68,66.2797
464.15888336127773,1400.0,-47,66.2797
1000.0,880.0,-54,66.2797
2154.4346900318824,574.0,-64,66.2797
4641.588833612777,335.0,-71,66.2797
