Frequency,Impedance,Phase Angle,Temperature (Dry Bath)
46.41588833612777,72900.0,-77,66.12080000000002
100.0,28300.0,-75,66.12080000000002
215.44346900318823,5100.0,-24,66.12080000000002
464.15888336127773,4380.0,-22,66.12080000000002
1000.0,3870.0,-29,66.12080000000002
2154.4346900318824,3410.0,-46,66.12080000000002
4641.588833612777,2760.0,-73,66.12080000000002
