Frequency,Impedance,Phase Angle,Temperature (Dry Bath)
46.41588833612777,928000.0,-8,66.2422
100.0,853000.0,-9,66.2422
215.44346900318823,729000.0,5,66.2422
464.15888336127773,680000.0,-9,66.2422
1000.0,658000.0,-27,66.2422
2154.4346900318824,569000.0,-54,66.2422
4641.588833612777,554000.0,-82,66.2422
