Frequency,Impedance,Phase Angle,Temperature (Dry Bath)
46.41588833612777,104000.0,-13,65.8135
100.0,107000.0,-12,65.8135
215.44346900318823,97600.0,-15,65.8135
464.15888336127773,89000.0,-19,65.8135
1000.0,80600.0,-30,65.8135
2154.4346900318824,74100.0,-46,65.8135
4641.588833612777,61600.0,-76,65.8135
