Frequency,Impedance,Phase Angle,Temperature (Dry Bath)
46.41588833612777,60400.0,-73,66.3601
100.0,25400.0,-58,66.3601
215.44346900318823,10100.0,-22,66.3601
464.15888336127773,8730.0,-24,66.3601
1000.0,7540.0,-33,66.3601
2154.4346900318824,6400.0,-52,66.3601
4641.588833612777,4960.0,-82,66.3601
