Frequency,Impedance,Phase Angle,Temperature (Dry Bath)
46.41588833612777,58300.0,-74,65.7447
100.0,13800.0,-25,65.7447
215.44346900318823,11300.0,-20,65.7447
464.15888336127773,9920.0,-21,65.7447
1000.0,8810.0,-27,65.7447
2154.4346900318824,7550.0,-40,65.7447
4641.588833612777,5790.0,-56,65.7447
