Frequency,Impedance,Phase Angle,Temperature (Dry Bath)
46.41588833612777,57300.0,-83,65.7627
100.0,19100.0,-78,65.7627
215.44346900318823,5780.0,-66,65.7627
464.15888336127773,1490.0,-38,65.7627
1000.0,1110.0,-40,65.7627
2154.4346900318824,867.0,-51,65.7627
4641.588833612777,642.0,-66,65.7627
