Frequency,Impedance,Phase Angle,Temperature (Dry Bath)
46.41588833612777,802000.0,-14,66.1238
100.0,708000.0,-13,66.1238
215.44346900318823,602000.0,-4,66.1238
464.15888336127773,568000.0,-23,66.1238
1000.0,491000.0,-35,66.1238
2154.4346900318824,408000.0,-58,66.1238
4641.588833612777,341000.0,-88,66.1238
