Frequency,Impedance,Phase Angle,Temperature (Dry Bath)
46.41588833612777,72100.0,-10,66.2797
100.0,67900.0,-9,66.2797
215.44346900318823,63400.0,-11,66.2797
464.15888336127773,59300.0,-15,66.2797
1000.0,54700.0,-25,66.2797
2154.4346900318824,48400.0,-46,66.2797
4641.588833612777,43900.0,-65,66.2797
