Frequency,Impedance,Phase Angle,Temperature (Dry Bath)
46.41588833612777,62600.0,-70,66.39210000000001
100.0,14900.0,-29,66.39210000000001
215.44346900318823,12200.0,-24,66.39210000000001
464.15888336127773,10500.0,-24,66.39210000000001
1000.0,9140.0,-33,66.39210000000001
2154.4346900318824,7880.0,-51,66.39210000000001
4641.588833612777,6210.0,-82,66.39210000000001
