Frequency,Impedance,Phase Angle,Temperature (Dry Bath)
46.41588833612777,63400.0,-74,65.9013
100.0,13900.0,-24,65.9013
215.44346900318823,11800.0,-20,65.9013
464.15888336127773,10300.0,-21,65.9013
1000.0,9020.0,-28,65.9013
2154.4346900318824,7660.0,-41,65.9013
4641.588833612777,5880.0,-56,65.9013
