Frequency,Impedance,Phase Angle,Temperature (Dry Bath)
46.41588833612777,63600.0,-81,66.3081
100.0,22500.0,-67,66.3081
215.44346900318823,5950.0,-29,66.3081
464.15888336127773,4740.0,-31,66.3081
1000.0,3710.0,-39,66.3081
2154.4346900318824,2930.0,-55,66.3081
4641.588833612777,2140.0,-76,66.3081
