Frequency,Impedance,Phase Angle,Temperature (Dry Bath)
46.41588833612777,58300.0,-82,66.3071
100.0,19200.0,-82,66.3071
215.44346900318823,6340.0,-69,66.3071
464.15888336127773,3160.0,-68,66.3071
1000.0,841.0,-57,66.3071
2154.4346900318824,527.0,-67,66.3071
4641.588833612777,304.0,-75,66.3071
