Frequency,Impedance,Phase Angle,Temperature (Dry Bath)
46.41588833612777,68800.0,-82,66.4216
100.0,22100.0,-76,66.4216
215.44346900318823,8100.0,-56,66.4216
464.15888336127773,2660.0,-37,66.4216
1000.0,1930.0,-46,66.4216
2154.4346900318824,1370.0,-59,66.4216
4641.588833612777,898.0,-74,66.4216
