Frequency,Impedance,Phase Angle,Temperature (Dry Bath)
46.41588833612777,92300.0,-25,65.7783
100.0,81500.0,-22,65.7783
215.44346900318823,69500.0,-20,65.7783
464.15888336127773,60900.0,-21,65.7783
1000.0,54000.0,-27,65.7783
2154.4346900318824,46600.0,-43,65.7783
4641.588833612777,41000.0,-54,65.7783
