Frequency,Impedance,Phase Angle,Temperature (Dry Bath)
46.41588833612777,61300.0,-85,65.8089
100.0,21500.0,-80,65.8089
215.44346900318823,5640.0,-56,65.8089
464.15888336127773,1930.0,-31,65.8089
1000.0,1420.0,-45,65.8089
2154.4346900318824,1030.0,-64,65.8089
4641.588833612777,692.0,-90,65.8089
