Frequency,Impedance,Phase Angle,Temperature (Dry Bath)
46.41588833612777,75100.0,-63,66.153
100.0,28300.0,-15,66.153
215.44346900318823,25700.0,-13,66.153
464.15888336127773,23900.0,-16,66.153
1000.0,22200.0,-24,66.153
2154.4346900318824,20200.0,-42,66.153
4641.588833612777,18300.0,-63,66.153
