Frequency,Impedance,Phase Angle,Temperature (Dry Bath)
46.41588833612777,401000.0,-3,65.8586
100.0,998000.0,-44,65.8586
215.44346900318823,855000.0,-95,65.8586
464.15888336127773,247000.0,20,65.8586
1000.0,6400.0,-166,65.8586
2154.4346900318824,937.0,-95,65.8586
4641.588833612777,3200.0,108,65.8586
