Frequency,Impedance,Phase Angle,Temperature (Dry Bath)
46.41588833612777,62400.0,-77,66.1238
100.0,12300.0,-28,66.1238
215.44346900318823,10000.0,-22,66.1238
464.15888336127773,8690.0,-24,66.1238
1000.0,7540.0,-33,66.1238
2154.4346900318824,6410.0,-52,66.1238
4641.588833612777,4990.0,-82,66.1238
