Frequency,Impedance,Phase Angle,Temperature (Dry Bath)
46.41588833612777,6630000.0,-165,65.6951
100.0,869000.0,128,65.6951
215.44346900318823,2240000.0,-160,65.6951
464.15888336127773,186000.0,-87,65.6951
1000.0,89700.0,58,65.6951
2154.4346900318824,3270.0,-7,65.6951
4641.588833612777,8870.0,-20,65.6951
