Frequency,Impedance,Phase Angle,Temperature (Dry Bath)
46.41588833612777,56500.0,-74,66.3152
100.0,24100.0,-62,66.3152
215.44346900318823,9770.0,-21,66.3152
464.15888336127773,8430.0,-24,66.3152
1000.0,7320.0,-33,66.3152
2154.4346900318824,6260.0,-51,66.3152
4641.588833612777,4920.0,-80,66.3152
