Frequency,Impedance,Phase Angle,Temperature (Dry Bath)
46.41588833612777,80000.0,-44,65.8005
100.0,25100.0,-11,65.8005
215.44346900318823,26000.0,-11,65.8005
464.15888336127773,24300.0,-15,65.8005
1000.0,22600.0,-24,65.8005
2154.4346900318824,20300.0,-43,65.8005
4641.588833612777,18100.0,-66,65.8005
