Frequency,Impedance,Phase Angle,Temperature (Dry Bath)
46.41588833612777,142000.0,-46,65.7226
100.0,54300.0,-24,65.7226
215.44346900318823,48500.0,-20,65.7226
464.15888336127773,42300.0,-23,65.7226
1000.0,36800.0,-30,65.7226
2154.4346900318824,31100.0,-47,65.7226
4641.588833612777,25700.0,-61,65.7226
