Frequency,Impedance,Phase Angle,Temperature (Dry Bath)
46.41588833612777,99500.0,-53,65.7374
100.0,34600.0,-11,65.7374
215.44346900318823,32700.0,-10,65.7374
464.15888336127773,31100.0,-14,65.7374
1000.0,29100.0,-24,65.7374
2154.4346900318824,26500.0,-43,65.7374
4641.588833612777,24100.0,-66,65.7374
