Frequency,Impedance,Phase Angle,Temperature (Dry Bath)
46.41588833612777,69600.0,-81,65.8512
100.0,29800.0,-74,65.8512
215.44346900318823,5390.0,-36,65.8512
464.15888336127773,4010.0,-39,65.8512
1000.0,2960.0,-46,65.8512
2154.4346900318824,2250.0,-64,65.8512
4641.588833612777,1600.0,-92,65.8512
