Frequency,Impedance,Phase Angle,Temperature (Dry Bath)
46.41588833612777,963000.0,-12,65.7349
100.0,911000.0,-14,65.7349
215.44346900318823,742000.0,-7,65.7349
464.15888336127773,679000.0,-20,65.7349
1000.0,625000.0,-33,65.7349
2154.4346900318824,501000.0,-58,65.7349
4641.588833612777,351000.0,-79,65.7349
