Frequency,Impedance,Phase Angle,Temperature (Dry Bath)
46.41588833612777,82300.0,-57,66.2422
100.0,30900.0,-13,66.2422
215.44346900318823,28500.0,-12,66.2422
464.15888336127773,26800.0,-15,66.2422
1000.0,25200.0,-24,66.2422
2154.4346900318824,23000.0,-43,66.2422
4641.588833612777,20900.0,-67,66.2422
