Frequency,Impedance,Phase Angle,Temperature (Dry Bath)
46.41588833612777,679000.0,-9,65.7349
100.0,629000.0,-10,65.7349
215.44346900318823,480000.0,-11,65.7349
464.15888336127773,527000.0,-13,65.7349
1000.0,497000.0,-30,65.7349
2154.4346900318824,442000.0,-56,65.7349
4641.588833612777,432000.0,-91,65.7349
