Frequency,Impedance,Phase Angle,Temperature (Dry Bath)
46.41588833612777,63300.0,-71,66.3601
100.0,28000.0,-72,66.3601
215.44346900318823,5050.0,-25,66.3601
464.15888336127773,4070.0,-21,66.3601
1000.0,3670.0,-29,66.3601
2154.4346900318824,3230.0,-46,66.3601
4641.588833612777,2590.0,-73,66.3601
