Frequency,Impedance,Phase Angle,Temperature (Dry Bath)
46.41588833612777,867000.0,-153,65.7004
100.0,1800000.0,2,65.7004
215.44346900318823,633000.0,69,65.7004
464.15888336127773,30000.0,-37,65.7004
1000.0,33300.0,-140,65.7004
2154.4346900318824,18900.0,163,65.7004
4641.588833612777,1890.0,-45,65.7004
