Frequency,Impedance,Phase Angle,Temperature (Dry Bath)
46.41588833612777,59700.0,-84,66.2422
100.0,20200.0,-79,66.2422
215.44346900318823,5480.0,-68,66.2422
464.15888336127773,1140.0,-36,66.2422
1000.0,865.0,-35,66.2422
2154.4346900318824,711.0,-45,66.2422
4641.588833612777,562.0,-61,66.2422
