Frequency,Impedance,Phase Angle,Temperature (Dry Bath)
46.41588833612777,69100.0,-73,66.3803
100.0,40400.0,-54,66.3803
215.44346900318823,14300.0,-14,66.3803
464.15888336127773,13500.0,-16,66.3803
1000.0,12500.0,-24,66.3803
2154.4346900318824,11300.0,-41,66.3803
4641.588833612777,10300.0,-61,66.3803
