Frequency,Impedance,Phase Angle,Temperature (Dry Bath)
46.41588833612777,97700.0,-25,65.7277
100.0,79300.0,-22,65.7277
215.44346900318823,66700.0,-21,65.7277
464.15888336127773,57700.0,-22,65.7277
1000.0,50500.0,-28,65.7277
2154.4346900318824,43400.0,-44,65.7277
4641.588833612777,37700.0,-54,65.7277
