Frequency,Impedance,Phase Angle,Temperature (Dry Bath)
46.41588833612777,104000.0,-11,65.7627
100.0,96100.0,-11,65.7627
215.44346900318823,88300.0,-13,65.7627
464.15888336127773,81600.0,-17,65.7627
1000.0,74300.0,-27,65.7627
2154.4346900318824,70500.0,-41,65.7627
4641.588833612777,58700.0,-69,65.7627
