Frequency,Impedance,Phase Angle,Temperature (Dry Bath)
46.41588833612777,72600.0,-81,65.7371
100.0,24100.0,-72,65.7371
215.44346900318823,6030.0,-21,65.7371
464.15888336127773,5240.0,-20,65.7371
1000.0,4740.0,-27,65.7371
2154.4346900318824,4230.0,-45,65.7371
4641.588833612777,3450.0,-73,65.7371
