Frequency,Impedance,Phase Angle,Temperature (Dry Bath)
46.41588833612777,63600.0,-80,65.8227
100.0,22200.0,-69,65.8227
215.44346900318823,6360.0,-28,65.8227
464.15888336127773,5130.0,-31,65.8227
1000.0,4060.0,-39,65.8227
2154.4346900318824,3180.0,-55,65.8227
4641.588833612777,2310.0,-77,65.8227
