Frequency,Impedance,Phase Angle,Temperature (Dry Bath)
46.41588833612777,60500.0,-85,66.2596
100.0,20900.0,-78,66.2596
215.44346900318823,6200.0,-68,66.2596
464.15888336127773,1970.0,-38,66.2596
1000.0,1460.0,-43,66.2596
2154.4346900318824,1080.0,-54,66.2596
4641.588833612777,726.0,-65,66.2596
