Frequency,Impedance,Phase Angle,Temperature (Dry Bath)
46.41588833612777,72100.0,-83,65.8257
100.0,19200.0,-79,65.8257
215.44346900318823,7190.0,-63,65.8257
464.15888336127773,1980.0,-35,65.8257
1000.0,1480.0,-46,65.8257
2154.4346900318824,1070.0,-65,65.8257
4641.588833612777,705.0,-92,65.8257
