Frequency,Impedance,Phase Angle,Temperature (Dry Bath)
46.41588833612777,64800.0,-83,66.1883
100.0,20400.0,-78,66.1883
215.44346900318823,6520.0,-64,66.1883
464.15888336127773,1700.0,-32,66.1883
1000.0,1280.0,-41,66.1883
2154.4346900318824,994.0,-58,66.1883
4641.588833612777,732.0,-84,66.1883
