Frequency,Impedance,Phase Angle,Temperature (Dry Bath)
46.41588833612777,721000.0,59,65.6951
100.0,745000.0,77,65.6951
215.44346900318823,114000.0,-37,65.6951
464.15888336127773,220000.0,-28,65.6951
1000.0,229000.0,58,65.6951
2154.4346900318824,33200.0,-29,65.6951
4641.588833612777,7980.0,-23,65.6951
