Frequency,Impedance,Phase Angle,Temperature (Dry Bath)
46.41588833612777,82100.0,-71,65.8144
100.0,21500.0,-18,65.8144
215.44346900318823,18800.0,-15,65.8144
464.15888336127773,17100.0,-16,65.8144
1000.0,15500.0,-24,65.8144
2154.4346900318824,13800.0,-38,65.8144
4641.588833612777,12100.0,-52,65.8144
