Frequency,Impedance,Phase Angle,Temperature (Dry Bath)
46.41588833612777,69800.0,-85,65.7325
100.0,23100.0,-81,65.7325
215.44346900318823,6800.0,-69,65.7325
464.15888336127773,1260.0,-42,65.7325
1000.0,961.0,-39,65.7325
2154.4346900318824,790.0,-50,65.7325
4641.588833612777,594.0,-69,65.7325
