Frequency,Impedance,Phase Angle,Temperature (Dry Bath)
46.41588833612777,101000.0,-25,65.7325
100.0,84000.0,-22,65.7325
215.44346900318823,72000.0,-20,65.7325
464.15888336127773,63400.0,-21,65.7325
1000.0,56200.0,-27,65.7325
2154.4346900318824,48500.0,-44,65.7325
4641.588833612777,42400.0,-54,65.7325
