Frequency,Impedance,Phase Angle,Temperature (Dry Bath)
46.41588833612777,98300.0,-11,65.7202
100.0,90400.0,-11,65.7202
215.44346900318823,83500.0,-13,65.7202
464.15888336127773,77300.0,-17,65.7202
1000.0,70300.0,-26,65.7202
2154.4346900318824,66400.0,-41,65.7202
4641.588833612777,55500.0,-69,65.7202
