Frequency,Impedance,Phase Angle,Temperature (Dry Bath)
46.41588833612777,39800.0,-12,65.8484
100.0,37200.0,-11,65.8484
215.44346900318823,35100.0,-12,65.8484
464.15888336127773,33100.0,-15,65.8484
1000.0,31000.0,-24,65.8484
2154.4346900318824,28100.0,-44,65.8484
4641.588833612777,25200.0,-67,65.8484
