Frequency,Impedance,Phase Angle,Temperature (Dry Bath)
46.41588833612777,66900.0,-86,65.7202
100.0,21800.0,-79,65.7202
215.44346900318823,6530.0,-72,65.7202
464.15888336127773,1290.0,-56,65.7202
1000.0,777.0,-59,65.7202
2154.4346900318824,477.0,-66,65.7202
4641.588833612777,289.0,-70,65.7202
