Frequency,Impedance,Phase Angle,Temperature (Dry Bath)
46.41588833612777,28600.0,-24,65.7365
100.0,24600.0,-14,65.7365
215.44346900318823,23200.0,-13,65.7365
464.15888336127773,21500.0,-15,65.7365
1000.0,20100.0,-23,65.7365
2154.4346900318824,18300.0,-41,65.7365
4641.588833612777,16800.0,-61,65.7365
