Frequency,Impedance,Phase Angle,Temperature (Dry Bath)
46.41588833612777,64500.0,-74,65.7277
100.0,13900.0,-28,65.7277
215.44346900318823,11200.0,-24,65.7277
464.15888336127773,9530.0,-26,65.7277
1000.0,8140.0,-35,65.7277
2154.4346900318824,6830.0,-53,65.7277
4641.588833612777,5260.0,-82,65.7277
