Frequency,Impedance,Phase Angle,Temperature (Dry Bath)
46.41588833612777,61700.0,-66,65.8586
100.0,29300.0,-54,65.8586
215.44346900318823,11800.0,-20,65.8586
464.15888336127773,10200.0,-21,65.8586
1000.0,8940.0,-28,65.8586
2154.4346900318824,7580.0,-41,65.8586
4641.588833612777,5820.0,-57,65.8586
