Frequency,Impedance,Phase Angle,Temperature (Dry Bath)
46.41588833612777,47500.0,-29,65.8478
100.0,38900.0,-21,65.8478
215.44346900318823,33800.0,-18,65.8478
464.15888336127773,30800.0,-18,65.8478
1000.0,28200.0,-25,65.8478
2154.4346900318824,25200.0,-41,65.8478
4641.588833612777,22300.0,-58,65.8478
