Frequency,Impedance,Phase Angle,Temperature (Dry Bath)
46.41588833612777,499000.0,-10,66.3152
100.0,462000.0,-12,66.3152
215.44346900318823,414000.0,-16,66.3152
464.15888336127773,361000.0,-16,66.3152
1000.0,318000.0,-32,66.3152
2154.4346900318824,265000.0,-54,66.3152
4641.588833612777,224000.0,-81,66.3152
