Frequency,Impedance,Phase Angle,Temperature (Dry Bath)
46.41588833612777,93400.0,-72,65.7447
100.0,31600.0,-74,65.7447
215.44346900318823,6350.0,-21,65.7447
464.15888336127773,5450.0,-20,65.7447
1000.0,4900.0,-28,65.7447
2154.4346900318824,4320.0,-46,65.7447
4641.588833612777,3450.0,-74,65.7447
