Frequency,Impedance,Phase Angle,Temperature (Dry Bath)
46.41588833612777,68800.0,-71,65.7325
100.0,18100.0,-32,65.7325
215.44346900318823,14000.0,-28,65.7325
464.15888336127773,11600.0,-29,65.7325
1000.0,9560.0,-37,65.7325
2154.4346900318824,7940.0,-55,65.7325
4641.588833612777,6070.0,-84,65.7325
