Frequency,Impedance,Phase Angle,Temperature (Dry Bath)
46.41588833612777,73000.0,-85,65.8586
100.0,24800.0,-80,65.8586
215.44346900318823,7000.0,-67,65.8586
464.15888336127773,1640.0,-49,65.8586
1000.0,1030.0,-57,65.8586
2154.4346900318824,632.0,-70,65.8586
4641.588833612777,369.0,-80,65.8586
