Frequency,Impedance,Phase Angle,Temperature (Dry Bath)
46.41588833612777,62900.0,-83,65.7371
100.0,27800.0,-73,65.7371
215.44346900318823,5240.0,-30,65.7371
464.15888336127773,4230.0,-27,65.7371
1000.0,3520.0,-33,65.7371
2154.4346900318824,2950.0,-49,65.7371
4641.588833612777,2250.0,-71,65.7371
