Frequency,Impedance,Phase Angle,Temperature (Dry Bath)
46.41588833612777,59700.0,-84,65.7374
100.0,19800.0,-83,65.7374
215.44346900318823,5940.0,-70,65.7374
464.15888336127773,1230.0,-40,65.7374
1000.0,929.0,-39,65.7374
2154.4346900318824,772.0,-50,65.7374
4641.588833612777,586.0,-69,65.7374
