Frequency,Impedance,Phase Angle,Temperature (Dry Bath)
46.41588833612777,63500.0,-84,65.8096
100.0,19700.0,-78,65.8096
215.44346900318823,5930.0,-63,65.8096
464.15888336127773,1570.0,-39,65.8096
1000.0,1160.0,-41,65.8096
2154.4346900318824,901.0,-52,65.8096
4641.588833612777,656.0,-67,65.8096
