Frequency,Impedance,Phase Angle,Temperature (Dry Bath)
46.41588833612777,64200.0,-79,66.3601
100.0,24200.0,-67,66.3601
215.44346900318823,6220.0,-27,66.3601
464.15888336127773,5000.0,-30,66.3601
1000.0,3950.0,-39,66.3601
2154.4346900318824,3120.0,-55,66.3601
4641.588833612777,2270.0,-77,66.3601
