Frequency,Impedance,Phase Angle,Temperature (Dry Bath)
46.41588833612777,528000.0,-14,65.6951
100.0,459000.0,6,65.6951
215.44346900318823,425000.0,-12,65.6951
464.15888336127773,363000.0,-10,65.6951
1000.0,356000.0,-29,65.6951
2154.4346900318824,316000.0,-54,65.6951
4641.588833612777,314000.0,-86,65.6951
