Frequency,Impedance,Phase Angle,Temperature (Dry Bath)
46.41588833612777,72500.0,-84,65.7325
100.0,24500.0,-79,65.7325
215.44346900318823,7840.0,-65,65.7325
464.15888336127773,4010.0,-65,65.7325
1000.0,1180.0,-60,65.7325
2154.4346900318824,695.0,-73,65.7325
4641.588833612777,389.0,-82,65.7325
