Frequency,Impedance,Phase Angle,Temperature (Dry Bath)
46.41588833612777,999000.0,-8,65.8135
100.0,914000.0,-14,65.8135
215.44346900318823,733000.0,-7,65.8135
464.15888336127773,653000.0,-19,65.8135
1000.0,618000.0,-32,65.8135
2154.4346900318824,497000.0,-58,65.8135
4641.588833612777,337000.0,-78,65.8135
