Frequency,Impedance,Phase Angle,Temperature (Dry Bath)
46.41588833612777,70200.0,-84,65.7003
100.0,24100.0,-80,65.7003
215.44346900318823,6770.0,-74,65.7003
464.15888336127773,1490.0,-38,65.7003
1000.0,1120.0,-41,65.7003
2154.4346900318824,862.0,-51,65.7003
4641.588833612777,636.0,-66,65.7003
