Frequency,Impedance,Phase Angle,Temperature (Dry Bath)
46.41588833612777,789000.0,-14,65.7202
100.0,709000.0,-13,65.7202
215.44346900318823,599000.0,-17,65.7202
464.15888336127773,485000.0,-17,65.7202
1000.0,479000.0,-30,65.7202
2154.4346900318824,392000.0,-53,65.7202
4641.588833612777,279000.0,-73,65.7202
