Frequency,Impedance,Phase Angle,Temperature (Dry Bath)
46.41588833612777,68800.0,-70,65.8135
100.0,17900.0,-32,65.8135
215.44346900318823,13900.0,-28,65.8135
464.15888336127773,11500.0,-29,65.8135
1000.0,9600.0,-37,65.8135
2154.4346900318824,7970.0,-55,65.8135
4641.588833612777,6100.0,-84,65.8135
