Frequency,Impedance,Phase Angle,Temperature (Dry Bath)
46.41588833612777,86800.0,-60,65.7202
100.0,33400.0,-12,65.7202
215.44346900318823,30900.0,-12,65.7202
464.15888336127773,29800.0,-15,65.7202
1000.0,27800.0,-25,65.7202
2154.4346900318824,25100.0,-45,65.7202
4641.588833612777,23300.0,-69,65.7202
