Frequency,Impedance,Phase Angle,Temperature (Dry Bath)
46.41588833612777,69200.0,-70,66.12080000000002
100.0,17400.0,-21,66.12080000000002
215.44346900318823,15100.0,-16,66.12080000000002
464.15888336127773,13700.0,-18,66.12080000000002
1000.0,12600.0,-26,66.12080000000002
2154.4346900318824,11300.0,-44,66.12080000000002
4641.588833612777,10100.0,-67,66.12080000000002
