Frequency,Impedance,Phase Angle,Temperature (Dry Bath)
46.41588833612777,61200.0,-85,66.12080000000002
100.0,18600.0,-85,66.12080000000002
215.44346900318823,6050.0,-74,66.12080000000002
464.15888336127773,989.0,-51,66.12080000000002
1000.0,610.0,-58,66.12080000000002
2154.4346900318824,376.0,-64,66.12080000000002
4641.588833612777,244.0,-73,66.12080000000002
