Frequency,Impedance,Phase Angle,Temperature (Dry Bath)
46.41588833612777,900000.0,21,65.8688
100.0,732000.0,25,65.8688
215.44346900318823,606000.0,22,65.8688
464.15888336127773,810000.0,-18,65.8688
1000.0,702000.0,-32,65.8688
2154.4346900318824,571000.0,-60,65.8688
4641.588833612777,447000.0,-100,65.8688
