Frequency,Impedance,Phase Angle,Temperature (Dry Bath)
46.41588833612777,105000.0,-59,65.7004
100.0,29300.0,-12,65.7004
215.44346900318823,27600.0,-11,65.7004
464.15888336127773,26100.0,-15,65.7004
1000.0,24500.0,-26,65.7004
2154.4346900318824,22100.0,-48,65.7004
4641.588833612777,19600.0,-76,65.7004
