Frequency,Impedance,Phase Angle,Temperature (Dry Bath)
46.41588833612777,56600.0,-77,65.8135
100.0,19600.0,-17,65.8135
215.44346900318823,17800.0,-15,65.8135
464.15888336127773,16200.0,-18,65.8135
1000.0,14500.0,-26,65.8135
2154.4346900318824,12800.0,-44,65.8135
4641.588833612777,12000.0,-63,65.8135
