Frequency,Impedance,Phase Angle,Temperature (Dry Bath)
46.41588833612777,63200.0,-74,65.8089
100.0,13500.0,-24,65.8089
215.44346900318823,11400.0,-20,65.8089
464.15888336127773,9830.0,-21,65.8089
1000.0,8750.0,-27,65.8089
2154.4346900318824,7490.0,-40,65.8089
4641.588833612777,5780.0,-56,65.8089
