Frequency,Impedance,Phase Angle,Temperature (Dry Bath)
30.0,852000.0,-141,15.964300000000001
46.3679,852000.0,-141,15.964300000000001
100.0,852000.0,-141,15.964300000000001
215.827,852000.0,-141,15.964300000000001
461.538,852000.0,-141,15.964300000000001
1000.0,852000.0,-141,15.964300000000001
2142.86,852000.0,-141,15.964300000000001
5000.0,852000.0,-141,15.964300000000001
5000.0,852000.0,-141,15.964300000000001
