Frequency,Impedance,Phase Angle,Temperature (Dry Bath)
46.41588833612777,59200.0,-78,66.4125
100.0,26800.0,-65,66.4125
215.44346900318823,9710.0,-18,66.4125
464.15888336127773,8620.0,-22,66.4125
1000.0,7450.0,-32,66.4125
2154.4346900318824,6350.0,-52,66.4125
4641.588833612777,4900.0,-82,66.4125
