Frequency,Impedance,Phase Angle,Temperature (Dry Bath)
46.41588833612777,108000.0,-44,65.8831
100.0,38800.0,-11,65.8831
215.44346900318823,36400.0,-11,65.8831
464.15888336127773,34300.0,-15,65.8831
1000.0,32100.0,-24,65.8831
2154.4346900318824,29000.0,-44,65.8831
4641.588833612777,25900.0,-67,65.8831
