Frequency,Impedance,Phase Angle,Temperature (Dry Bath)
46.41588833612777,62200.0,-84,66.3071
100.0,19500.0,-79,66.3071
215.44346900318823,5910.0,-72,66.3071
464.15888336127773,1310.0,-51,66.3071
1000.0,840.0,-58,66.3071
2154.4346900318824,516.0,-69,66.3071
4641.588833612777,293.0,-76,66.3071
