Frequency,Impedance,Phase Angle,Temperature (Dry Bath)
46.41588833612777,71100.0,-62,66.3071
100.0,28600.0,-13,66.3071
215.44346900318823,26200.0,-12,66.3071
464.15888336127773,24500.0,-15,66.3071
1000.0,22900.0,-24,66.3071
2154.4346900318824,20800.0,-42,66.3071
4641.588833612777,18800.0,-62,66.3071
