Frequency,Impedance,Phase Angle,Temperature (Dry Bath)
46.41588833612777,1300000.0,-9,66.1238
100.0,1200000.0,-12,66.1238
215.44346900318823,968000.0,-7,66.1238
464.15888336127773,844000.0,-20,66.1238
1000.0,796000.0,-35,66.1238
2154.4346900318824,621000.0,-60,66.1238
4641.588833612777,399000.0,-83,66.1238
