Frequency,Impedance,Phase Angle,Temperature (Dry Bath)
46.41588833612777,85000.0,-83,65.6826
100.0,21200.0,-60,65.6826
215.44346900318823,7980.0,-54,65.6826
464.15888336127773,3350.0,-21,65.6826
1000.0,2900.0,-27,65.6826
2154.4346900318824,2580.0,-41,65.6826
4641.588833612777,2070.0,-62,65.6826
