Frequency,Impedance,Phase Angle,Temperature (Dry Bath)
46.41588833612777,623000.0,-9,65.7783
100.0,583000.0,-9,65.7783
215.44346900318823,540000.0,-11,65.7783
464.15888336127773,454000.0,-3,65.7783
1000.0,455000.0,-24,65.7783
2154.4346900318824,412000.0,-48,65.7783
4641.588833612777,412000.0,-74,65.7783
