Frequency,Impedance,Phase Angle,Temperature (Dry Bath)
46.41588833612777,52200.0,-63,66.4066
100.0,19400.0,-76,66.4066
215.44346900318823,8660.0,-39,66.4066
464.15888336127773,3160.0,-20,66.4066
1000.0,2840.0,-25,66.4066
2154.4346900318824,2510.0,-40,66.4066
4641.588833612777,2040.0,-61,66.4066
