Frequency,Impedance,Phase Angle,Temperature (Dry Bath)
46.41588833612777,81700.0,-62,65.7371
100.0,24700.0,-16,65.7371
215.44346900318823,22200.0,-15,65.7371
464.15888336127773,20100.0,-18,65.7371
1000.0,18300.0,-28,65.7371
2154.4346900318824,16100.0,-46,65.7371
4641.588833612777,14200.0,-69,65.7371
