Frequency,Impedance,Phase Angle,Temperature (Dry Bath)
46.41588833612777,82900.0,-74,66.3216
100.0,29900.0,-65,66.3216
215.44346900318823,10200.0,-23,66.3216
464.15888336127773,8800.0,-24,66.3216
1000.0,7610.0,-33,66.3216
2154.4346900318824,6470.0,-52,66.3216
4641.588833612777,5030.0,-82,66.3216
