Frequency,Impedance,Phase Angle,Temperature (Dry Bath)
46.41588833612777,961000.0,3,65.7349
100.0,803000.0,12,65.7349
215.44346900318823,830000.0,-13,65.7349
464.15888336127773,741000.0,-21,65.7349
1000.0,651000.0,-36,65.7349
2154.4346900318824,539000.0,-62,65.7349
4641.588833612777,431000.0,-99,65.7349
