Frequency,Impedance,Phase Angle,Temperature (Dry Bath)
46.41588833612777,66300.0,-72,65.8257
100.0,14900.0,-27,65.8257
215.44346900318823,12200.0,-25,65.8257
464.15888336127773,10200.0,-27,65.8257
1000.0,8620.0,-36,65.8257
2154.4346900318824,7180.0,-54,65.8257
4641.588833612777,5490.0,-83,65.8257
