Frequency,Impedance,Phase Angle,Temperature (Dry Bath)
46.41588833612777,67900.0,-87,66.4125
100.0,23600.0,-81,66.4125
215.44346900318823,9820.0,-89,66.4125
464.15888336127773,3540.0,-37,66.4125
1000.0,934.0,-18,66.4125
2154.4346900318824,805.0,-37,66.4125
4641.588833612777,646.0,-62,66.4125
