Frequency,Impedance,Phase Angle,Temperature (Dry Bath)
46.41588833612777,64000.0,-67,65.8688
100.0,14800.0,-29,65.8688
215.44346900318823,11800.0,-25,65.8688
464.15888336127773,10000.0,-27,65.8688
1000.0,8450.0,-36,65.8688
2154.4346900318824,7030.0,-54,65.8688
4641.588833612777,5390.0,-83,65.8688
