Frequency,Impedance,Phase Angle,Temperature (Dry Bath)
46.41588833612777,68000.0,-80,65.7325
100.0,27800.0,-80,65.7325
215.44346900318823,8630.0,-68,65.7325
464.15888336127773,1960.0,-62,65.7325
1000.0,1160.0,-71,65.7325
2154.4346900318824,656.0,-89,65.7325
4641.588833612777,345.0,-113,65.7325
