Frequency,Impedance,Phase Angle,Temperature (Dry Bath)
46.41588833612777,118000.0,-24,65.8653
100.0,99800.0,-21,65.8653
215.44346900318823,86000.0,-19,65.8653
464.15888336127773,76200.0,-20,65.8653
1000.0,68100.0,-27,65.8653
2154.4346900318824,63000.0,-36,65.8653
4641.588833612777,52500.0,-54,65.8653
