Frequency,Impedance,Phase Angle,Temperature (Dry Bath)
46.41588833612777,69100.0,-85,65.7003
100.0,22300.0,-81,65.7003
215.44346900318823,7350.0,-63,65.7003
464.15888336127773,1940.0,-34,65.7003
1000.0,1460.0,-45,65.7003
2154.4346900318824,1060.0,-65,65.7003
4641.588833612777,706.0,-91,65.7003
