Frequency,Impedance,Phase Angle,Temperature (Dry Bath)
46.41588833612777,38400.0,-71,66.3497
100.0,26100.0,-85,66.3497
215.44346900318823,5920.0,-77,66.3497
464.15888336127773,1610.0,-56,66.3497
1000.0,555.0,-29,66.3497
2154.4346900318824,485.0,-41,66.3497
4641.588833612777,394.0,-63,66.3497
