Frequency,Impedance,Phase Angle,Temperature (Dry Bath)
46.41588833612777,5680000.0,-20,65.6951
100.0,7320000.0,-124,65.6951
215.44346900318823,859000.0,81,65.6951
464.15888336127773,263000.0,-94,65.6951
1000.0,169000.0,-40,65.6951
2154.4346900318824,33600.0,-113,65.6951
4641.588833612777,6920.0,-85,65.6951
