Frequency,Impedance,Phase Angle,Temperature (Dry Bath)
46.41588833612777,1000000.0,-12,65.7003
100.0,935000.0,-14,65.7003
215.44346900318823,645000.0,-8,65.7003
464.15888336127773,695000.0,-20,65.7003
1000.0,643000.0,-33,65.7003
2154.4346900318824,507000.0,-59,65.7003
4641.588833612777,363000.0,-79,65.7003
