Frequency,Impedance,Phase Angle,Temperature (Dry Bath)
46.41588833612777,74100.0,-67,65.8144
100.0,20700.0,-17,65.8144
215.44346900318823,18300.0,-15,65.8144
464.15888336127773,16500.0,-17,65.8144
1000.0,15000.0,-24,65.8144
2154.4346900318824,13500.0,-40,65.8144
4641.588833612777,12000.0,-56,65.8144
