Frequency,Impedance,Phase Angle,Temperature (Dry Bath)
30.0,837000.0,-106,15.950800000000001
46.3679,837000.0,-106,15.950800000000001
100.0,837000.0,-106,15.950800000000001
215.827,837000.0,-106,15.950800000000001
461.538,837000.0,-106,15.950800000000001
1000.0,837000.0,-106,15.950800000000001
2142.86,837000.0,-106,15.950800000000001
5000.0,837000.0,-106,15.950800000000001
5000.0,837000.0,-106,15.950800000000001
