Frequency,Impedance,Phase Angle,Temperature (Dry Bath)
46.41588833612777,65400.0,-77,66.1238
100.0,11700.0,-25,66.1238
215.44346900318823,9750.0,-21,66.1238
464.15888336127773,8580.0,-21,66.1238
1000.0,7560.0,-26,66.1238
2154.4346900318824,6510.0,-40,66.1238
4641.588833612777,5020.0,-55,66.1238
