Frequency,Impedance,Phase Angle,Temperature (Dry Bath)
46.41588833612777,50900.0,-15,65.7374
100.0,51600.0,-11,65.7374
215.44346900318823,47400.0,-11,65.7374
464.15888336127773,45100.0,-14,65.7374
1000.0,41500.0,-21,65.7374
2154.4346900318824,37000.0,-36,65.7374
4641.588833612777,33000.0,-45,65.7374
