Frequency,Impedance,Phase Angle,Temperature (Dry Bath)
46.41588833612777,289000.0,59,66.3807
100.0,377000.0,-88,66.3807
215.44346900318823,67800.0,92,66.3807
464.15888336127773,73400.0,122,66.3807
1000.0,27900.0,26,66.3807
2154.4346900318824,5020.0,137,66.3807
4641.588833612777,1950.0,-53,66.3807
