Channel Number,Channel Name,Impedance Magnitude at 1000 Hz (ohms),Impedance Phase at 1000 Hz (degrees),Temperature (C),Charge Injection Capacity @ 1000 us (uC/cm^2),Geometric Surface Area (mm^2)
d-023,G1X1-1,8250.0,-44,66.2518,1.901162790697685,4.0
d-022,G1X1-2,15700.0,-56,66.2518,0.5046975924834414,4.0
d-021,G3X3S-1,9450.0,-52,66.2518,2.393790272578095,3.9204
d-020,G3X3S-2,7110.0,-52,66.2518,5.372580391058491,3.9204
d-019,G2X2S-1,8170.0,-39,66.2518,3.896330038153019,3.9601
d-018,G2X2S-2,2810.0,-37,66.2518,7.53671721576462,3.9601
d-017,G2X2L-1,3320.0,-71,66.2518,3.681314968815054,4.0
d-016,G2X2L-2,8570.0,-45,66.2518,3.750554106909496,4.0
