Channel Number,Channel Name,Impedance Magnitude at 1000 Hz (ohms),Impedance Phase at 1000 Hz (degrees),Temperature (C),Charge Injection Capacity @ 1000 us (uC/cm^2),Geometric Surface Area (mm^2)
d-023,G1X1-1,3850.0,-53,65.8898,0.6538461538380602,4.0
d-022,G1X1-2,1430.0,-67,65.8898,2.1999999999966637,4.0
d-021,G3X3S-1,2680.0,-63,65.8898,2.957312048224848,3.9204
d-020,G3X3S-2,2920.0,-66,65.8898,4.237228923111216,3.9204
d-019,G2X2S-1,2430.0,-60,65.8898,8.559549125952726,3.9601
d-018,G2X2S-2,2140.0,-57,65.8898,8.81676074778059,3.9601
d-017,G2X2L-1,3780.0,-53,65.8898,7.87062937063038,4.0
d-016,G2X2L-2,2450.0,-53,65.8898,8.964752826423553,4.0
