Channel Number,Channel Name,Impedance Magnitude at 1000 Hz (ohms),Impedance Phase at 1000 Hz (degrees),Temperature (C),Charge Injection Capacity @ 1000 us (uC/cm^2),Geometric Surface Area (mm^2)
d-023,G1X1-1,8310.0,-42,66.3424,2.3746153846154847,4.0
d-022,G1X1-2,23400.0,-63,66.3424,-0.6880504991200123,4.0
d-021,G3X3S-1,10600.0,-50,66.3424,2.2460539394581325,3.9204
d-020,G3X3S-2,9880.0,-62,66.3424,2.0951822612043003,3.9204
d-019,G2X2S-1,9590.0,-39,66.3424,3.75487569958207,3.9601
d-018,G2X2S-2,6760.0,-48,66.3424,5.61222089342998,3.9601
d-017,G2X2L-1,3900.0,-66,66.3424,4.273841519926833,4.0
d-016,G2X2L-2,9460.0,-45,66.3424,3.87863247863219,4.0
