,Channel Number,Channel Name,Impedance Magnitude at 1000 Hz (ohms),Impedance Phase at 1000 Hz (degrees),Temperature (C),Charge Injection Capacity @ 1000 us (uC/cm^2),Geometric Surface Area (mm^2)
20,d-023,G1X1-1,6950.0,-63,65.6826,2.861538461538527,4.0
21,d-022,G1X1-2,11000.0,-72,65.6826,2.162688183130545,4.0
22,d-021,G3X3S-1,11500.0,-74,65.6826,-0.7074435104736699,3.9204
23,d-020,G3X3S-2,10800.0,-63,65.6826,1.9621231742443797,3.9204
24,d-019,G2X2S-1,13200.0,-63,65.6826,0.1586885242895962,3.9601
25,d-018,G2X2S-2,6760.0,-66,65.6826,3.704743275712643,3.9601
26,d-017,G2X2L-1,13200.0,-61,65.6826,1.9447469934196822,4.0
27,d-016,G2X2L-2,11100.0,-62,65.6826,1.5830959164293312,4.0
