Frequency,Impedance,Phase Angle,Temperature (Dry Bath)
46.41588833612777,578000.0,-14,66.2596
100.0,551000.0,-15,66.2596
215.44346900318823,493000.0,-18,66.2596
464.15888336127773,450000.0,-22,66.2596
1000.0,391000.0,-34,66.2596
2154.4346900318824,325000.0,-55,66.2596
4641.588833612777,277000.0,-84,66.2596
