Frequency,Impedance,Phase Angle,Temperature (Dry Bath)
46.41588833612777,57900.0,-87,66.1041
100.0,17300.0,-83,66.1041
215.44346900318823,4730.0,-72,66.1041
464.15888336127773,1530.0,-67,66.1041
1000.0,526.0,-27,66.1041
2154.4346900318824,461.0,-41,66.1041
4641.588833612777,384.0,-62,66.1041
