Frequency,Impedance,Phase Angle,Temperature (Dry Bath)
46.41588833612777,69200.0,-78,66.153
100.0,21400.0,-77,66.153
215.44346900318823,4030.0,-21,66.153
464.15888336127773,3500.0,-20,66.153
1000.0,3060.0,-26,66.153
2154.4346900318824,2760.0,-41,66.153
4641.588833612777,2220.0,-63,66.153
