Frequency,Impedance,Phase Angle,Temperature (Dry Bath)
46.41588833612777,71500.0,-76,66.2549
100.0,14600.0,-29,66.2549
215.44346900318823,12000.0,-24,66.2549
464.15888336127773,10400.0,-24,66.2549
1000.0,9020.0,-32,66.2549
2154.4346900318824,7780.0,-51,66.2549
4641.588833612777,6160.0,-81,66.2549
