Frequency,Impedance,Phase Angle,Temperature (Dry Bath)
46.41588833612777,75200.0,-73,66.2797
100.0,29800.0,-63,66.2797
215.44346900318823,10800.0,-20,66.2797
464.15888336127773,9460.0,-22,66.2797
1000.0,8250.0,-30,66.2797
2154.4346900318824,7160.0,-46,66.2797
4641.588833612777,5740.0,-73,66.2797
