Frequency,Impedance,Phase Angle,Temperature (Dry Bath)
30.0,916000.0,-119,15.961200000000002
46.3679,916000.0,-119,15.961200000000002
100.0,916000.0,-119,15.961200000000002
215.827,916000.0,-119,15.961200000000002
461.538,916000.0,-119,15.961200000000002
1000.0,916000.0,-119,15.961200000000002
2142.86,916000.0,-119,15.961200000000002
5000.0,916000.0,-119,15.961200000000002
5000.0,916000.0,-119,15.961200000000002
