Frequency,Impedance,Phase Angle,Temperature (Dry Bath)
46.41588833612777,63600.0,-68,66.4066
100.0,19800.0,-15,66.4066
215.44346900318823,18000.0,-13,66.4066
464.15888336127773,16600.0,-15,66.4066
1000.0,15200.0,-22,66.4066
2154.4346900318824,13600.0,-36,66.4066
4641.588833612777,12000.0,-48,66.4066
