Frequency,Impedance,Phase Angle,Temperature (Dry Bath)
46.41588833612777,74200.0,-10,66.25580000000001
100.0,69700.0,-9,66.25580000000001
215.44346900318823,65400.0,-11,66.25580000000001
464.15888336127773,61200.0,-15,66.25580000000001
1000.0,56500.0,-25,66.25580000000001
2154.4346900318824,50000.0,-47,66.25580000000001
4641.588833612777,45100.0,-66,66.25580000000001
