Frequency,Impedance,Phase Angle,Temperature (Dry Bath)
46.41588833612777,80000.0,-76,66.4216
100.0,17500.0,-20,66.4216
215.44346900318823,15100.0,-15,66.4216
464.15888336127773,13600.0,-17,66.4216
1000.0,12200.0,-23,66.4216
2154.4346900318824,10800.0,-35,66.4216
4641.588833612777,8510.0,-51,66.4216
