Frequency,Impedance,Phase Angle,Temperature (Dry Bath)
46.41588833612777,71700.0,-83,66.2422
100.0,24800.0,-81,66.2422
215.44346900318823,8070.0,-63,66.2422
464.15888336127773,1950.0,-42,66.2422
1000.0,1360.0,-49,66.2422
2154.4346900318824,952.0,-61,66.2422
4641.588833612777,617.0,-75,66.2422
