Frequency,Impedance,Phase Angle,Temperature (Dry Bath)
46.41588833612777,68200.0,-72,66.3071
100.0,15400.0,-16,66.3071
215.44346900318823,13900.0,-15,66.3071
464.15888336127773,12800.0,-18,66.3071
1000.0,11700.0,-26,66.3071
2154.4346900318824,10500.0,-44,66.3071
4641.588833612777,8450.0,-74,66.3071
