Frequency,Impedance,Phase Angle,Temperature (Dry Bath)
46.41588833612777,58800.0,-84,66.2797
100.0,20200.0,-78,66.2797
215.44346900318823,6090.0,-71,66.2797
464.15888336127773,1450.0,-50,66.2797
1000.0,892.0,-59,66.2797
2154.4346900318824,552.0,-70,66.2797
4641.588833612777,311.0,-77,66.2797
