Frequency,Impedance,Phase Angle,Temperature (Dry Bath)
46.41588833612777,76800.0,-10,66.39210000000001
100.0,72100.0,-9,66.39210000000001
215.44346900318823,68200.0,-10,66.39210000000001
464.15888336127773,64000.0,-15,66.39210000000001
1000.0,58900.0,-25,66.39210000000001
2154.4346900318824,52300.0,-47,66.39210000000001
4641.588833612777,47100.0,-67,66.39210000000001
