Frequency,Impedance,Phase Angle,Temperature (Dry Bath)
46.41588833612777,168000.0,-36,66.1883
100.0,26600.0,-12,66.1883
215.44346900318823,25400.0,-14,66.1883
464.15888336127773,23200.0,-17,66.1883
1000.0,22600.0,-26,66.1883
2154.4346900318824,20200.0,-45,66.1883
4641.588833612777,17900.0,-70,66.1883
