Frequency,Impedance,Phase Angle,Temperature (Dry Bath)
46.41588833612777,62300.0,-80,66.2549
100.0,22300.0,-69,66.2549
215.44346900318823,5810.0,-29,66.2549
464.15888336127773,4600.0,-32,66.2549
1000.0,3610.0,-40,66.2549
2154.4346900318824,2800.0,-56,66.2549
4641.588833612777,2020.0,-78,66.2549
