Frequency,Impedance,Phase Angle,Temperature (Dry Bath)
46.41588833612777,69600.0,-81,66.4125
100.0,25600.0,-74,66.4125
215.44346900318823,6280.0,-20,66.4125
464.15888336127773,4900.0,-26,66.4125
1000.0,3980.0,-37,66.4125
2154.4346900318824,3140.0,-54,66.4125
4641.588833612777,2290.0,-77,66.4125
