Frequency,Impedance,Phase Angle,Temperature (Dry Bath)
30.0,5950.0,-107,15.967500000000001
46.3679,5950.0,-107,15.967500000000001
100.0,5950.0,-107,15.967500000000001
215.827,5950.0,-107,15.967500000000001
461.538,5950.0,-107,15.967500000000001
1000.0,5950.0,-107,15.967500000000001
2142.86,5950.0,-107,15.967500000000001
5000.0,5950.0,-107,15.967500000000001
5000.0,5950.0,-107,15.967500000000001
