Frequency,Impedance,Phase Angle,Temperature (Dry Bath)
46.41588833612777,99100.0,-16,66.2549
100.0,86200.0,-14,66.2549
215.44346900318823,78000.0,-14,66.2549
464.15888336127773,71800.0,-16,66.2549
1000.0,65800.0,-23,66.2549
2154.4346900318824,61900.0,-34,66.2549
4641.588833612777,52000.0,-53,66.2549
