Frequency,Impedance,Phase Angle,Temperature (Dry Bath)
46.41588833612777,68400.0,-82,66.1866
100.0,27300.0,-79,66.1866
215.44346900318823,8890.0,-63,66.1866
464.15888336127773,2500.0,-45,66.1866
1000.0,1690.0,-55,66.1866
2154.4346900318824,1170.0,-73,66.1866
4641.588833612777,758.0,-101,66.1866
