Frequency,Impedance,Phase Angle,Temperature (Dry Bath)
46.41588833612777,465000.0,-16,66.25580000000001
100.0,508000.0,-13,66.25580000000001
215.44346900318823,474000.0,-16,66.25580000000001
464.15888336127773,416000.0,-18,66.25580000000001
1000.0,374000.0,-34,66.25580000000001
2154.4346900318824,301000.0,-56,66.25580000000001
4641.588833612777,252000.0,-84,66.25580000000001
