Frequency,Impedance,Phase Angle,Temperature (Dry Bath)
46.41588833612777,68900.0,-70,66.153
100.0,14600.0,-28,66.153
215.44346900318823,12000.0,-24,66.153
464.15888336127773,10300.0,-24,66.153
1000.0,9020.0,-33,66.153
2154.4346900318824,7770.0,-51,66.153
4641.588833612777,6130.0,-82,66.153
