Frequency,Impedance,Phase Angle,Temperature (Dry Bath)
46.41588833612777,79200.0,-74,66.3601
100.0,17900.0,-19,66.3601
215.44346900318823,15700.0,-16,66.3601
464.15888336127773,14200.0,-17,66.3601
1000.0,12700.0,-23,66.3601
2154.4346900318824,11100.0,-36,66.3601
4641.588833612777,9620.0,-44,66.3601
