Frequency,Impedance,Phase Angle,Temperature (Dry Bath)
46.41588833612777,59900.0,-78,66.2594
100.0,27000.0,-58,66.2594
215.44346900318823,9890.0,-21,66.2594
464.15888336127773,8570.0,-23,66.2594
1000.0,7460.0,-33,66.2594
2154.4346900318824,6370.0,-51,66.2594
4641.588833612777,4990.0,-80,66.2594
