Frequency,Impedance,Phase Angle,Temperature (Dry Bath)
46.41588833612777,53900.0,-14,66.2596
100.0,50500.0,-11,66.2596
215.44346900318823,46800.0,-12,66.2596
464.15888336127773,43500.0,-16,66.2596
1000.0,40000.0,-25,66.2596
2154.4346900318824,35500.0,-44,66.2596
4641.588833612777,32200.0,-64,66.2596
