Frequency,Impedance,Phase Angle,Temperature (Dry Bath)
46.41588833612777,67000.0,-83,66.25580000000001
100.0,24300.0,-82,66.25580000000001
215.44346900318823,6550.0,-76,66.25580000000001
464.15888336127773,2260.0,-61,66.25580000000001
1000.0,654.0,-55,66.25580000000001
2154.4346900318824,417.0,-62,66.25580000000001
4641.588833612777,276.0,-71,66.25580000000001
