Frequency,Impedance,Phase Angle,Temperature (Dry Bath)
46.41588833612777,60300.0,-84,66.2797
100.0,24900.0,-81,66.2797
215.44346900318823,6500.0,-74,66.2797
464.15888336127773,1810.0,-59,66.2797
1000.0,605.0,-36,66.2797
2154.4346900318824,489.0,-45,66.2797
4641.588833612777,381.0,-61,66.2797
