Frequency,Impedance,Phase Angle,Temperature (Dry Bath)
46.41588833612777,59400.0,-87,66.3497
100.0,18100.0,-81,66.3497
215.44346900318823,5350.0,-67,66.3497
464.15888336127773,1100.0,-40,66.3497
1000.0,767.0,-45,66.3497
2154.4346900318824,576.0,-58,66.3497
4641.588833612777,430.0,-83,66.3497
