Frequency,Impedance,Phase Angle,Temperature (Dry Bath)
46.41588833612777,65200.0,-82,66.3807
100.0,23800.0,-80,66.3807
215.44346900318823,6800.0,-71,66.3807
464.15888336127773,1290.0,-37,66.3807
1000.0,971.0,-37,66.3807
2154.4346900318824,782.0,-46,66.3807
4641.588833612777,607.0,-61,66.3807
