Frequency,Impedance,Phase Angle,Temperature (Dry Bath)
46.41588833612777,79900.0,-70,66.1238
100.0,18700.0,-19,66.1238
215.44346900318823,16600.0,-15,66.1238
464.15888336127773,14900.0,-17,66.1238
1000.0,13300.0,-23,66.1238
2154.4346900318824,11700.0,-36,66.1238
4641.588833612777,10000.0,-44,66.1238
