Frequency,Impedance,Phase Angle,Temperature (Dry Bath)
46.41588833612777,117000.0,-11,66.1866
100.0,108000.0,-11,66.1866
215.44346900318823,99200.0,-12,66.1866
464.15888336127773,91700.0,-16,66.1866
1000.0,83600.0,-24,66.1866
2154.4346900318824,78500.0,-35,66.1866
4641.588833612777,66400.0,-54,66.1866
