Frequency,Impedance,Phase Angle,Temperature (Dry Bath)
46.41588833612777,64100.0,-79,66.2775
100.0,23000.0,-66,66.2775
215.44346900318823,6800.0,-29,66.2775
464.15888336127773,5380.0,-31,66.2775
1000.0,4290.0,-37,66.2775
2154.4346900318824,3300.0,-50,66.2775
4641.588833612777,2250.0,-62,66.2775
