Frequency,Impedance,Phase Angle,Temperature (Dry Bath)
46.41588833612777,65200.0,-82,66.3497
100.0,21400.0,-79,66.3497
215.44346900318823,6090.0,-65,66.3497
464.15888336127773,1430.0,-51,66.3497
1000.0,894.0,-58,66.3497
2154.4346900318824,552.0,-69,66.3497
4641.588833612777,312.0,-76,66.3497
