Frequency,Impedance,Phase Angle,Temperature (Dry Bath)
46.41588833612777,76700.0,-84,66.1883
100.0,26000.0,-79,66.1883
215.44346900318823,7580.0,-66,66.1883
464.15888336127773,2040.0,-38,66.1883
1000.0,1520.0,-41,66.1883
2154.4346900318824,1120.0,-52,66.1883
4641.588833612777,745.0,-61,66.1883
