Frequency,Impedance,Phase Angle,Temperature (Dry Bath)
46.41588833612777,1160000.0,-9,66.1238
100.0,1020000.0,-9,66.1238
215.44346900318823,900000.0,-1,66.1238
464.15888336127773,829000.0,-12,66.1238
1000.0,791000.0,-29,66.1238
2154.4346900318824,744000.0,-55,66.1238
4641.588833612777,637000.0,-86,66.1238
