Frequency,Impedance,Phase Angle,Temperature (Dry Bath)
46.41588833612777,63500.0,-81,66.1866
100.0,11800.0,-25,66.1866
215.44346900318823,9920.0,-21,66.1866
464.15888336127773,8640.0,-23,66.1866
1000.0,7490.0,-33,66.1866
2154.4346900318824,6400.0,-51,66.1866
4641.588833612777,5020.0,-81,66.1866
