Frequency,Impedance,Phase Angle,Temperature (Dry Bath)
46.41588833612777,59300.0,-83,66.12080000000002
100.0,20600.0,-81,66.12080000000002
215.44346900318823,6010.0,-73,66.12080000000002
464.15888336127773,1370.0,-50,66.12080000000002
1000.0,836.0,-58,66.12080000000002
2154.4346900318824,514.0,-68,66.12080000000002
4641.588833612777,292.0,-76,66.12080000000002
