Frequency,Impedance,Phase Angle,Temperature (Dry Bath)
46.41588833612777,71600.0,-82,66.2549
100.0,26500.0,-81,66.2549
215.44346900318823,6870.0,-75,66.2549
464.15888336127773,1360.0,-49,66.2549
1000.0,833.0,-58,66.2549
2154.4346900318824,514.0,-68,66.2549
4641.588833612777,293.0,-76,66.2549
