Frequency,Impedance,Phase Angle,Temperature (Dry Bath)
46.41588833612777,62300.0,-83,66.27499999999999
100.0,19600.0,-80,66.27499999999999
215.44346900318823,6380.0,-69,66.27499999999999
464.15888336127773,1350.0,-49,66.27499999999999
1000.0,826.0,-58,66.27499999999999
2154.4346900318824,511.0,-68,66.27499999999999
4641.588833612777,290.0,-76,66.27499999999999
