Frequency,Impedance,Phase Angle,Temperature (Dry Bath)
46.41588833612777,138000.0,-9,66.3081
100.0,129000.0,-12,66.3081
215.44346900318823,120000.0,-15,66.3081
464.15888336127773,111000.0,-20,66.3081
1000.0,99400.0,-32,66.3081
2154.4346900318824,89700.0,-50,66.3081
4641.588833612777,69400.0,-84,66.3081
