Frequency,Impedance,Phase Angle,Temperature (Dry Bath)
46.41588833612777,67400.0,-84,66.153
100.0,25300.0,-81,66.153
215.44346900318823,5710.0,-74,66.153
464.15888336127773,1820.0,-49,66.153
1000.0,632.0,-39,66.153
2154.4346900318824,505.0,-48,66.153
4641.588833612777,390.0,-62,66.153
