Frequency,Impedance,Phase Angle,Temperature (Dry Bath)
46.41588833612777,60900.0,-83,66.3071
100.0,18100.0,-79,66.3071
215.44346900318823,5480.0,-78,66.3071
464.15888336127773,2470.0,-17,66.3071
1000.0,634.0,-38,66.3071
2154.4346900318824,505.0,-47,66.3071
4641.588833612777,393.0,-61,66.3071
