Frequency,Impedance,Phase Angle,Temperature (Dry Bath)
46.41588833612777,69200.0,-82,66.4216
100.0,29600.0,-74,66.4216
215.44346900318823,9080.0,-66,66.4216
464.15888336127773,2860.0,-45,66.4216
1000.0,1960.0,-54,66.4216
2154.4346900318824,1380.0,-72,66.4216
4641.588833612777,893.0,-100,66.4216
