Frequency,Impedance,Phase Angle,Temperature (Dry Bath)
46.41588833612777,125000.0,-11,66.3081
100.0,106000.0,-13,66.3081
215.44346900318823,97000.0,-15,66.3081
464.15888336127773,88700.0,-21,66.3081
1000.0,78600.0,-33,66.3081
2154.4346900318824,69900.0,-52,66.3081
4641.588833612777,51800.0,-85,66.3081
