Frequency,Impedance,Phase Angle,Temperature (Dry Bath)
46.41588833612777,71300.0,-12,66.2594
100.0,63900.0,-10,66.2594
215.44346900318823,59300.0,-12,66.2594
464.15888336127773,55500.0,-16,66.2594
1000.0,51000.0,-26,66.2594
2154.4346900318824,45100.0,-47,66.2594
4641.588833612777,40400.0,-69,66.2594
