Frequency,Impedance,Phase Angle,Temperature (Dry Bath)
46.41588833612777,56800.0,-82,66.1041
100.0,20100.0,-75,66.1041
215.44346900318823,6220.0,-65,66.1041
464.15888336127773,1450.0,-47,66.1041
1000.0,916.0,-54,66.1041
2154.4346900318824,585.0,-65,66.1041
4641.588833612777,338.0,-71,66.1041
