Frequency,Impedance,Phase Angle,Temperature (Dry Bath)
46.41588833612777,68100.0,-67,66.1238
100.0,24200.0,-15,66.1238
215.44346900318823,22000.0,-13,66.1238
464.15888336127773,20300.0,-15,66.1238
1000.0,18500.0,-22,66.1238
2154.4346900318824,16500.0,-35,66.1238
4641.588833612777,14800.0,-46,66.1238
