Frequency,Impedance,Phase Angle,Temperature (Dry Bath)
46.41588833612777,546000.0,-12,66.27499999999999
100.0,503000.0,-13,66.27499999999999
215.44346900318823,460000.0,-16,66.27499999999999
464.15888336127773,421000.0,-20,66.27499999999999
1000.0,255000.0,-29,66.27499999999999
2154.4346900318824,320000.0,-48,66.27499999999999
4641.588833612777,289000.0,-68,66.27499999999999
