Frequency,Impedance,Phase Angle,Temperature (Dry Bath)
46.41588833612777,81500.0,-74,66.2596
100.0,30600.0,-63,66.2596
215.44346900318823,11000.0,-23,66.2596
464.15888336127773,9220.0,-24,66.2596
1000.0,7760.0,-30,66.2596
2154.4346900318824,6450.0,-42,66.2596
4641.588833612777,4830.0,-54,66.2596
