Frequency,Impedance,Phase Angle,Temperature (Dry Bath)
46.41588833612777,60500.0,-80,66.2594
100.0,20800.0,-76,66.2594
215.44346900318823,3590.0,-41,66.2594
464.15888336127773,2470.0,-46,66.2594
1000.0,1690.0,-55,66.2594
2154.4346900318824,1170.0,-73,66.2594
4641.588833612777,752.0,-101,66.2594
