Frequency,Impedance,Phase Angle,Temperature (Dry Bath)
46.41588833612777,174000.0,-11,66.3081
100.0,159000.0,-11,66.3081
215.44346900318823,146000.0,-13,66.3081
464.15888336127773,135000.0,-16,66.3081
1000.0,123000.0,-25,66.3081
2154.4346900318824,115000.0,-36,66.3081
4641.588833612777,111000.0,-53,66.3081
