Frequency,Impedance,Phase Angle,Temperature (Dry Bath)
46.41588833612777,62100.0,-73,66.3071
100.0,26000.0,-60,66.3071
215.44346900318823,10900.0,-21,66.3071
464.15888336127773,9460.0,-20,66.3071
1000.0,8410.0,-26,66.3071
2154.4346900318824,7300.0,-39,66.3071
4641.588833612777,5710.0,-54,66.3071
