Frequency,Impedance,Phase Angle,Temperature (Dry Bath)
46.41588833612777,646000.0,-11,66.1866
100.0,583000.0,-13,66.1866
215.44346900318823,515000.0,-17,66.1866
464.15888336127773,414000.0,-13,66.1866
1000.0,390000.0,-34,66.1866
2154.4346900318824,321000.0,-56,66.1866
4641.588833612777,275000.0,-84,66.1866
