Channel Number,Channel Name,Impedance Magnitude at 1000 Hz (ohms),Impedance Phase at 1000 Hz (degrees),Temperature (C),Charge Injection Capacity @ 1000 us (uC/cm^2),Geometric Surface Area (mm^2)
d-023,G1X1-1,7090.0,-53,66.3984,3.1353230769231617,4.0
d-022,G1X1-2,16300.0,-58,66.3984,1.04993006993015,4.0
d-021,G3X3S-1,11400.0,-66,66.3984,0.8556953965231617,3.9204
d-020,G3X3S-2,10100.0,-59,66.3984,2.153430183733117,3.9204
d-019,G2X2S-1,12000.0,-56,66.3984,1.650975830495228,3.9601
d-018,G2X2S-2,5370.0,-59,66.3984,5.242680351894935,3.9601
d-017,G2X2L-1,18000.0,-63,66.3984,0.9127006087446112,4.0
d-016,G2X2L-2,12000.0,-60,66.3984,1.3796904315199146,4.0
