Channel Number,Channel Name,Impedance Magnitude at 1000 Hz (ohms),Impedance Phase at 1000 Hz (degrees),Temperature (C),Charge Injection Capacity @ 1000 us (uC/cm^2),Geometric Surface Area (mm^2)
d-023,G1X1-1,9060.0,-43,66.2884,1.6698717948721291,4.0
d-022,G1X1-2,9060.0,-56,66.2884,2.011936339522466,4.0
d-021,G3X3S-1,11600.0,-51,66.2884,2.138081316967013,3.9204
d-020,G3X3S-2,12100.0,-64,66.2884,1.600639712528008,3.9204
d-019,G2X2S-1,9860.0,-39,66.2884,3.749594512959105,3.9601
d-018,G2X2S-2,6100.0,-62,66.2884,3.7248962244543136,3.9601
d-017,G2X2L-1,4090.0,-65,66.2884,4.328846153848343,4.0
d-016,G2X2L-2,9270.0,-44,66.2884,2.9631315987932565,4.0
