Channel Number,Channel Name,Impedance Magnitude at 1000 Hz (ohms),Impedance Phase at 1000 Hz (degrees),Temperature (C),Charge Injection Capacity @ 1000 us (uC/cm^2),Geometric Surface Area (mm^2)
d-023,G1X1-1,7120.0,-48,66.2288,5.045454545454326,4.0
d-022,G1X1-2,18000.0,-62,66.2288,0.6412400308716439,4.0
d-021,G3X3S-1,9150.0,-64,66.2288,1.586991828388906,3.9204
d-020,G3X3S-2,11500.0,-62,66.2288,2.124273033363925,3.9204
d-019,G2X2S-1,12200.0,-52,66.2288,2.255586257932708,3.9601
d-018,G2X2S-2,5200.0,-60,66.2288,5.157600915282756,3.9601
d-017,G2X2L-1,11700.0,-56,66.2288,2.251153846153961,4.0
d-016,G2X2L-2,12400.0,-61,66.2288,2.1598143236074434,4.0
