Frequency,Impedance,Phase Angle,Temperature (Dry Bath)
10.0,3904.869,-28.74932,
21.544346900318832,3231.095,-33.17364,
46.41588833612777,2398.276,-40.09766,
100.0,1627.639,-45.86108,
215.44346900318823,1060.958,-48.42888,
464.15888336127773,691.1999,-48.95233,
1000.0,453.1617,-48.80294,
2154.4346900318824,296.9325,-48.00372,
4641.588833612777,194.2185,-45.27007,
10000.0,131.7284,-39.52067,
