Frequency,Impedance,Phase Angle,Temperature (Dry Bath)
10.0,27933.24,-16.83803,
21.544346900318832,24184.74,-13.8569,
46.41588833612777,45767.82,-9.330028,
100.0,42331.46,-9.811199,
215.44346900318823,38125.58,-10.62779,
464.15888336127773,35409.46,-14.40944,
1000.0,31532.39,-14.36018,
2154.4346900318824,27926.68,-15.89552,
4641.588833612777,30684.29,-23.29528,
10000.0,24779.37,-25.43353,
