Frequency,Impedance,Phase Angle,Temperature (Dry Bath)
10.0,5723.393,-60.05933,
21.544346900318832,3418.133,-58.459,
46.41588833612777,2064.786,-54.74924,
100.0,1287.662,-48.69227,
215.44346900318823,855.952,-39.33138,
464.15888336127773,640.3535,-27.63373,
1000.0,544.3363,-17.36343,
2154.4346900318824,502.232,-10.53767,
4641.588833612777,480.807,-6.604785,
10000.0,467.697,-4.590746,
