Frequency,Impedance,Phase Angle,Temperature (Dry Bath)
10.0,16203.58,-44.34359,
21.544346900318832,10597.26,-39.16662,
46.41588833612777,7704.493,-33.46971,
100.0,6067.645,-27.99882,
215.44346900318823,4997.192,-24.702,
464.15888336127773,4203.557,-23.2088,
1000.0,3505.63,-24.39805,
2154.4346900318824,2879.873,-28.45952,
4641.588833612777,2240.954,-33.01063,
10000.0,1672.563,-37.9817,
