Frequency,Impedance,Phase Angle,Temperature (Dry Bath)
10.0,46871.76,-48.60855,
21.544346900318832,38631.47,-49.01399,
46.41588833612777,27512.65,-47.73248,
100.0,19767.21,-46.70105,
215.44346900318823,13913.37,-46.04237,
464.15888336127773,10070.97,-47.63955,
1000.0,7230.469,-49.95178,
2154.4346900318824,4763.933,-54.62019,
4641.588833612777,2973.1,-60.29976,
10000.0,1736.81,-65.24034,
