Frequency,Impedance,Phase Angle,Temperature (Dry Bath)
10.0,1121551.0,-14.08227,
21.544346900318832,1138174.0,-12.54739,
46.41588833612777,941818.3,-10.07078,
100.0,827943.2,-10.19077,
215.44346900318823,651908.6,-18.63338,
464.15888336127773,498118.1,-14.02576,
1000.0,451429.6,-10.65826,
2154.4346900318824,359605.0,-19.11084,
4641.588833612777,295852.4,-26.29603,
10000.0,259979.4,-32.85172,
