Frequency,Impedance,Phase Angle,Temperature (Dry Bath)
46.41588833612777,75000.0,-82,66.3081
100.0,21900.0,-42,66.3081
215.44346900318823,24000.0,-44,66.3081
464.15888336127773,17000.0,-48,66.3081
1000.0,12100.0,-58,66.3081
2154.4346900318824,8610.0,-79,66.3081
4641.588833612777,5360.0,-116,66.3081
