Frequency,Impedance,Phase Angle,Temperature (Dry Bath)
46.41588833612777,98700.0,-85,65.7374
100.0,30400.0,-48,65.7374
215.44346900318823,19200.0,-53,65.7374
464.15888336127773,12200.0,-58,65.7374
1000.0,7870.0,-67,65.7374
2154.4346900318824,5210.0,-88,65.7374
4641.588833612777,3040.0,-124,65.7374
