Frequency,Impedance,Phase Angle,Temperature (Dry Bath)
46.41588833612777,50900.0,-35,66.2422
100.0,36100.0,-37,66.2422
215.44346900318823,26600.0,-40,66.2422
464.15888336127773,19900.0,-48,66.2422
1000.0,14000.0,-62,66.2422
2154.4346900318824,9370.0,-86,66.2422
4641.588833612777,5360.0,-122,66.2422
