Frequency,Impedance,Phase Angle,Temperature (Dry Bath)
46.41588833612777,38900.0,-37,65.7374
100.0,31500.0,-34,65.7374
215.44346900318823,23700.0,-35,65.7374
464.15888336127773,18200.0,-40,65.7374
1000.0,13800.0,-51,65.7374
2154.4346900318824,10300.0,-72,65.7374
4641.588833612777,6790.0,-108,65.7374
