Frequency,Impedance,Phase Angle,Temperature (Dry Bath)
46.41588833612777,110000.0,-65,65.8484
100.0,34700.0,-34,65.8484
215.44346900318823,26200.0,-36,65.8484
464.15888336127773,19600.0,-41,65.8484
1000.0,14700.0,-51,65.8484
2154.4346900318824,11000.0,-72,65.8484
4641.588833612777,7330.0,-106,65.8484
