Frequency,Impedance,Phase Angle,Temperature (Dry Bath)
46.41588833612777,44800.0,-35,65.7371
100.0,35000.0,-38,65.7371
215.44346900318823,25300.0,-42,65.7371
464.15888336127773,18200.0,-50,65.7371
1000.0,12500.0,-63,65.7371
2154.4346900318824,8310.0,-86,65.7371
4641.588833612777,4790.0,-121,65.7371
