Frequency,Impedance,Phase Angle,Temperature (Dry Bath)
46.41588833612777,59400.0,-83,66.2775
100.0,15800.0,-27,66.2775
215.44346900318823,12700.0,-28,66.2775
464.15888336127773,10100.0,-36,66.2775
1000.0,7530.0,-50,66.2775
2154.4346900318824,5360.0,-71,66.2775
4641.588833612777,3360.0,-100,66.2775
