Frequency,Impedance,Phase Angle,Temperature (Dry Bath)
46.41588833612777,49900.0,-31,66.39210000000001
100.0,38000.0,-33,66.39210000000001
215.44346900318823,28800.0,-38,66.39210000000001
464.15888336127773,21000.0,-49,66.39210000000001
1000.0,14300.0,-65,66.39210000000001
2154.4346900318824,9090.0,-91,66.39210000000001
4641.588833612777,4770.0,-128,66.39210000000001
