Frequency,Impedance,Phase Angle,Temperature (Dry Bath)
46.41588833612777,120000.0,-86,65.7226
100.0,39400.0,-30,65.7226
215.44346900318823,31800.0,-37,65.7226
464.15888336127773,23700.0,-48,65.7226
1000.0,16300.0,-68,65.7226
2154.4346900318824,10100.0,-97,65.7226
4641.588833612777,5080.0,-141,65.7226
