Frequency,Impedance,Phase Angle,Temperature (Dry Bath)
46.41588833612777,65500.0,-30,66.1866
100.0,48100.0,-31,66.1866
215.44346900318823,38000.0,-36,66.1866
464.15888336127773,28700.0,-45,66.1866
1000.0,20400.0,-62,66.1866
2154.4346900318824,13300.0,-88,66.1866
4641.588833612777,7220.0,-129,66.1866
