Frequency,Impedance,Phase Angle,Temperature (Dry Bath)
46.41588833612777,95900.0,-83,66.3803
100.0,34900.0,-38,66.3803
215.44346900318823,25200.0,-41,66.3803
464.15888336127773,18400.0,-48,66.3803
1000.0,13000.0,-61,66.3803
2154.4346900318824,8840.0,-84,66.3803
4641.588833612777,5180.0,-120,66.3803
