Frequency,Impedance,Phase Angle,Temperature (Dry Bath)
46.41588833612777,57600.0,-39,65.7627
100.0,42600.0,-40,65.7627
215.44346900318823,30200.0,-46,65.7627
464.15888336127773,21100.0,-56,65.7627
1000.0,13500.0,-72,65.7627
2154.4346900318824,8010.0,-97,65.7627
4641.588833612777,3960.0,-131,65.7627
