Frequency,Impedance,Phase Angle,Temperature (Dry Bath)
46.41588833612777,32000.0,-41,65.8227
100.0,24500.0,-38,65.8227
215.44346900318823,17800.0,-40,65.8227
464.15888336127773,12900.0,-44,65.8227
1000.0,9420.0,-55,65.8227
2154.4346900318824,6790.0,-77,65.8227
4641.588833612777,4260.0,-114,65.8227
