Frequency,Impedance,Phase Angle,Temperature (Dry Bath)
46.41588833612777,98900.0,-52,65.7003
100.0,30000.0,-48,65.7003
215.44346900318823,19200.0,-52,65.7003
464.15888336127773,12100.0,-58,65.7003
1000.0,7890.0,-68,65.7003
2154.4346900318824,5190.0,-88,65.7003
4641.588833612777,3030.0,-124,65.7003
