Frequency,Impedance,Phase Angle,Temperature (Dry Bath)
46.41588833612777,78800.0,-65,66.2594
100.0,16000.0,-26,66.2594
215.44346900318823,12900.0,-28,66.2594
464.15888336127773,10200.0,-36,66.2594
1000.0,7630.0,-50,66.2594
2154.4346900318824,5440.0,-71,66.2594
4641.588833612777,3400.0,-101,66.2594
