Frequency,Impedance,Phase Angle,Temperature (Dry Bath)
46.41588833612777,55600.0,-37,65.7226
100.0,42900.0,-41,65.7226
215.44346900318823,30200.0,-46,65.7226
464.15888336127773,20700.0,-55,65.7226
1000.0,13500.0,-69,65.7226
2154.4346900318824,8340.0,-93,65.7226
4641.588833612777,4350.0,-127,65.7226
