Frequency,Impedance,Phase Angle,Temperature (Dry Bath)
30.0,446.0,-101,15.973600000000001
46.3679,446.0,-101,15.973600000000001
100.0,446.0,-101,15.973600000000001
215.827,446.0,-101,15.973600000000001
461.538,446.0,-101,15.973600000000001
1000.0,446.0,-101,15.973600000000001
2142.86,446.0,-101,15.973600000000001
5000.0,446.0,-101,15.973600000000001
5000.0,446.0,-101,15.973600000000001
