Frequency,Impedance,Phase Angle,Temperature (Dry Bath)
30.0,1260.0,-129,15.975200000000001
46.3679,1260.0,-129,15.975200000000001
100.0,1260.0,-129,15.975200000000001
215.827,1260.0,-129,15.975200000000001
461.538,1260.0,-129,15.975200000000001
1000.0,1260.0,-129,15.975200000000001
2142.86,1260.0,-129,15.975200000000001
5000.0,1260.0,-129,15.975200000000001
5000.0,1260.0,-129,15.975200000000001
