Frequency,Impedance,Phase Angle,Temperature (Dry Bath)
46.41588833612777,74000.0,-34,66.3081
100.0,54300.0,-42,66.3081
215.44346900318823,36900.0,-50,66.3081
464.15888336127773,23800.0,-60,66.3081
1000.0,14400.0,-71,66.3081
2154.4346900318824,8880.0,-90,66.3081
4641.588833612777,5090.0,-122,66.3081
