Frequency,Impedance,Phase Angle,Temperature (Dry Bath)
46.41588833612777,57000.0,-40,65.8478
100.0,41800.0,-41,65.8478
215.44346900318823,29800.0,-46,65.8478
464.15888336127773,20600.0,-56,65.8478
1000.0,13200.0,-72,65.8478
2154.4346900318824,7900.0,-96,65.8478
4641.588833612777,3950.0,-130,65.8478
