Frequency,Impedance,Phase Angle,Temperature (Dry Bath)
46.41588833612777,53500.0,-30,65.7374
100.0,44000.0,-34,65.7374
215.44346900318823,33200.0,-42,65.7374
464.15888336127773,23400.0,-54,65.7374
1000.0,15300.0,-69,65.7374
2154.4346900318824,9460.0,-95,65.7374
4641.588833612777,4870.0,-135,65.7374
