Frequency,Impedance,Phase Angle,Temperature (Dry Bath)
46.41588833612777,47000.0,-32,65.8144
100.0,34200.0,-35,65.8144
215.44346900318823,25000.0,-38,65.8144
464.15888336127773,18600.0,-44,65.8144
1000.0,13400.0,-54,65.8144
2154.4346900318824,9700.0,-75,65.8144
4641.588833612777,6250.0,-110,65.8144
