Frequency,Impedance,Phase Angle,Temperature (Dry Bath)
46.41588833612777,110000.0,-84,66.3216
100.0,39500.0,-64,66.3216
215.44346900318823,11000.0,-31,66.3216
464.15888336127773,9240.0,-40,66.3216
1000.0,6730.0,-55,66.3216
2154.4346900318824,4610.0,-81,66.3216
4641.588833612777,2620.0,-115,66.3216
