Frequency,Impedance,Phase Angle,Temperature (Dry Bath)
46.41588833612777,63700.0,-34,65.7277
100.0,46100.0,-40,65.7277
215.44346900318823,32200.0,-47,65.7277
464.15888336127773,21600.0,-58,65.7277
1000.0,13500.0,-73,65.7277
2154.4346900318824,8020.0,-96,65.7277
4641.588833612777,4020.0,-131,65.7277
