Frequency,Impedance,Phase Angle,Temperature (Dry Bath)
46.41588833612777,50900.0,-24,65.7004
100.0,39600.0,-22,65.7004
215.44346900318823,32900.0,-23,65.7004
464.15888336127773,27600.0,-28,65.7004
1000.0,22600.0,-38,65.7004
2154.4346900318824,18100.0,-56,65.7004
4641.588833612777,14700.0,-78,65.7004
