Frequency,Impedance,Phase Angle,Temperature (Dry Bath)
10.0,9663.426,-49.1089,
21.544346900318832,6429.214,-48.6646,
46.41588833612777,4247.5,-46.43264,
100.0,2884.671,-42.70374,
215.44346900318823,2053.591,-37.84461,
464.15888336127773,1547.166,-33.47892,
1000.0,1221.71,-31.53892,
2154.4346900318824,975.752,-32.82578,
4641.588833612777,747.9753,-37.6827,
10000.0,533.1946,-43.96063,
