Frequency,Impedance,Phase Angle,Temperature (Dry Bath)
10.0,12636.52,-26.30393,71.3168
21.544346900318832,10223.52,-23.80499,71.3151
46.41588833612777,8454.714,-21.11211,71.3187
100.0,7189.709,-18.45964,71.3066
215.44346900318823,6204.374,-15.51053,71.3007
464.15888336127773,5555.865,-14.24571,71.315
1000.0,inf,inf,71.3095
2154.4346900318824,4430.767,-11.89318,71.3077
4641.588833612777,4137.924,-11.46639,71.3265
10000.0,3782.381,-12.64386,71.3164
