Frequency,Impedance,Phase Angle,Temperature (Dry Bath)
10.0,3475267.0,12.96043,
21.544346900318832,4278611.0,-13.9857,
46.41588833612777,6807353.0,-17.80278,
100.0,1206289.0,-108.2274,
215.44346900318823,1306608.0,13.42626,
464.15888336127773,2091126.0,-148.2366,
1000.0,1484378.0,-21.01317,
2154.4346900318824,2902250.0,-71.82064,
4641.588833612777,998329.6,-3.356858,
10000.0,1919749.0,-152.7989,
