Frequency,Impedance,Phase Angle,Temperature (Dry Bath)
46.41588833612777,106000.0,-72,65.7783
100.0,26100.0,-43,65.7783
215.44346900318823,17500.0,-49,65.7783
464.15888336127773,11300.0,-56,65.7783
1000.0,7390.0,-67,65.7783
2154.4346900318824,4810.0,-88,65.7783
4641.588833612777,2780.0,-125,65.7783
