Frequency,Impedance,Phase Angle,Temperature (Dry Bath)
46.41588833612777,116000.0,-51,65.7349
100.0,47300.0,-36,65.7349
215.44346900318823,35100.0,-44,65.7349
464.15888336127773,24400.0,-55,65.7349
1000.0,15600.0,-72,65.7349
2154.4346900318824,9490.0,-97,65.7349
4641.588833612777,4780.0,-136,65.7349
