Frequency,Impedance,Phase Angle,Temperature (Dry Bath)
46.41588833612777,72400.0,-86,65.7371
100.0,17300.0,-36,65.7371
215.44346900318823,12900.0,-40,65.7371
464.15888336127773,9290.0,-47,65.7371
1000.0,6290.0,-62,65.7371
2154.4346900318824,4140.0,-86,65.7371
4641.588833612777,2390.0,-122,65.7371
