Frequency,Impedance,Phase Angle,Temperature (Dry Bath)
46.41588833612777,184000.0,-46,65.8257
100.0,55800.0,-36,65.8257
215.44346900318823,42200.0,-46,65.8257
464.15888336127773,28400.0,-57,65.8257
1000.0,17900.0,-74,65.8257
2154.4346900318824,10700.0,-101,65.8257
4641.588833612777,5360.0,-142,65.8257
