Frequency,Impedance,Phase Angle,Temperature (Dry Bath)
46.41588833612777,58700.0,-31,65.8688
100.0,47200.0,-29,65.8688
215.44346900318823,37600.0,-30,65.8688
464.15888336127773,30000.0,-34,65.8688
1000.0,23600.0,-43,65.8688
2154.4346900318824,18300.0,-61,65.8688
4641.588833612777,14100.0,-83,65.8688
