Frequency,Impedance,Phase Angle,Temperature (Dry Bath)
46.41588833612777,145000.0,-40,66.2596
100.0,52300.0,-33,66.2596
215.44346900318823,39700.0,-41,66.2596
464.15888336127773,27900.0,-50,66.2596
1000.0,18700.0,-63,66.2596
2154.4346900318824,12200.0,-83,66.2596
4641.588833612777,6960.0,-116,66.2596
