Frequency,Impedance,Phase Angle,Temperature (Dry Bath)
46.41588833612777,123000.0,-62,65.7349
100.0,29600.0,-47,65.7349
215.44346900318823,19300.0,-53,65.7349
464.15888336127773,12100.0,-58,65.7349
1000.0,7750.0,-67,65.7349
2154.4346900318824,5100.0,-88,65.7349
4641.588833612777,2980.0,-124,65.7349
