Frequency,Impedance,Phase Angle,Temperature (Dry Bath)
46.41588833612777,123000.0,-64,65.7783
100.0,40700.0,-39,65.7783
215.44346900318823,29400.0,-47,65.7783
464.15888336127773,19800.0,-57,65.7783
1000.0,12400.0,-74,65.7783
2154.4346900318824,7220.0,-98,65.7783
4641.588833612777,3490.0,-132,65.7783
