Frequency,Impedance,Phase Angle,Temperature (Dry Bath)
46.41588833612777,129000.0,-68,66.2596
100.0,39200.0,-37,66.2596
215.44346900318823,29000.0,-41,66.2596
464.15888336127773,21700.0,-49,66.2596
1000.0,15100.0,-63,66.2596
2154.4346900318824,10000.0,-86,66.2596
4641.588833612777,5720.0,-124,66.2596
