Frequency,Impedance,Phase Angle,Temperature (Dry Bath)
46.41588833612777,133000.0,-61,66.2775
100.0,45700.0,-31,66.2775
215.44346900318823,35300.0,-35,66.2775
464.15888336127773,27200.0,-45,66.2775
1000.0,19400.0,-61,66.2775
2154.4346900318824,12800.0,-88,66.2775
4641.588833612777,7010.0,-128,66.2775
