Frequency,Impedance,Phase Angle,Temperature (Dry Bath)
46.41588833612777,5150000.0,40,65.7447
100.0,453000.0,111,65.7447
215.44346900318823,61800.0,127,65.7447
464.15888336127773,41000.0,65,65.7447
1000.0,5660.0,144,65.7447
2154.4346900318824,4960.0,-41,65.7447
4641.588833612777,1560.0,-21,65.7447
