Frequency,Impedance,Phase Angle,Temperature (Dry Bath)
46.41588833612777,75900.0,-56,65.7202
100.0,22400.0,-29,65.7202
215.44346900318823,17900.0,-34,65.7202
464.15888336127773,13600.0,-45,65.7202
1000.0,9330.0,-61,65.7202
2154.4346900318824,6050.0,-84,65.7202
4641.588833612777,3380.0,-116,65.7202
