Frequency,Impedance,Phase Angle,Temperature (Dry Bath)
46.41588833612777,119000.0,-64,65.6826
100.0,37800.0,-40,65.6826
215.44346900318823,27300.0,-44,65.6826
464.15888336127773,19400.0,-50,65.6826
1000.0,13200.0,-63,65.6826
2154.4346900318824,8830.0,-85,65.6826
4641.588833612777,5160.0,-121,65.6826
