Frequency,Impedance,Phase Angle,Temperature (Dry Bath)
46.41588833612777,112000.0,-54,65.8586
100.0,40300.0,-40,65.8586
215.44346900318823,28800.0,-45,65.8586
464.15888336127773,19900.0,-55,65.8586
1000.0,12900.0,-71,65.8586
2154.4346900318824,7870.0,-95,65.8586
4641.588833612777,4000.0,-129,65.8586
