Frequency,Impedance,Phase Angle,Temperature (Dry Bath)
46.41588833612777,91600.0,-78,65.8135
100.0,24600.0,-36,65.8135
215.44346900318823,18300.0,-38,65.8135
464.15888336127773,13600.0,-44,65.8135
1000.0,9940.0,-56,65.8135
2154.4346900318824,7080.0,-79,65.8135
4641.588833612777,4330.0,-116,65.8135
