Frequency,Impedance,Phase Angle,Temperature (Dry Bath)
46.41588833612777,101000.0,-58,65.8586
100.0,22900.0,-46,65.8586
215.44346900318823,14600.0,-51,65.8586
464.15888336127773,9360.0,-53,65.8586
1000.0,6320.0,-63,65.8586
2154.4346900318824,4380.0,-83,65.8586
4641.588833612777,2660.0,-121,65.8586
