Frequency,Impedance,Phase Angle,Temperature (Dry Bath)
46.41588833612777,53400.0,-27,66.1041
100.0,44400.0,-28,66.1041
215.44346900318823,36000.0,-32,66.1041
464.15888336127773,28500.0,-39,66.1041
1000.0,21700.0,-56,66.1041
2154.4346900318824,15000.0,-85,66.1041
4641.588833612777,8340.0,-129,66.1041
