Frequency,Impedance,Phase Angle,Temperature (Dry Bath)
46.41588833612777,50100.0,-42,65.8144
100.0,34000.0,-44,65.8144
215.44346900318823,23500.0,-47,65.8144
464.15888336127773,16100.0,-53,65.8144
1000.0,10800.0,-65,65.8144
2154.4346900318824,7070.0,-87,65.8144
4641.588833612777,3980.0,-123,65.8144
