Frequency,Impedance,Phase Angle,Temperature (Dry Bath)
46.41588833612777,66100.0,-30,65.8144
100.0,50900.0,-38,65.8144
215.44346900318823,36000.0,-45,65.8144
464.15888336127773,24800.0,-55,65.8144
1000.0,16300.0,-69,65.8144
2154.4346900318824,10300.0,-94,65.8144
4641.588833612777,5400.0,-134,65.8144
