Frequency,Impedance,Phase Angle,Temperature (Dry Bath)
46.41588833612777,81800.0,-59,65.7371
100.0,28800.0,-39,65.7371
215.44346900318823,20800.0,-42,65.7371
464.15888336127773,14600.0,-50,65.7371
1000.0,9900.0,-62,65.7371
2154.4346900318824,6550.0,-84,65.7371
4641.588833612777,3840.0,-117,65.7371
