Frequency,Impedance,Phase Angle,Temperature (Dry Bath)
46.41588833612777,49100.0,-37,65.7202
100.0,34900.0,-40,65.7202
215.44346900318823,24900.0,-47,65.7202
464.15888336127773,16600.0,-58,65.7202
1000.0,10200.0,-74,65.7202
2154.4346900318824,5940.0,-98,65.7202
4641.588833612777,2880.0,-131,65.7202
