Frequency,Impedance,Phase Angle,Temperature (Dry Bath)
46.41588833612777,81100.0,-61,65.6239
100.0,24700.0,-32,65.6239
215.44346900318823,19000.0,-36,65.6239
464.15888336127773,14200.0,-45,65.6239
1000.0,10100.0,-60,65.6239
2154.4346900318824,6690.0,-85,65.6239
4641.588833612777,3730.0,-121,65.6239
