Frequency,Impedance,Phase Angle,Temperature (Dry Bath)
46.41588833612777,39700.0,-32,65.6239
100.0,31100.0,-35,65.6239
215.44346900318823,23600.0,-37,65.6239
464.15888336127773,17700.0,-42,65.6239
1000.0,13100.0,-53,65.6239
2154.4346900318824,9570.0,-74,65.6239
4641.588833612777,6160.0,-109,65.6239
