Frequency,Impedance,Phase Angle,Temperature (Dry Bath)
46.41588833612777,108000.0,-81,66.3216
100.0,21500.0,-43,66.3216
215.44346900318823,14400.0,-46,66.3216
464.15888336127773,9570.0,-51,66.3216
1000.0,6500.0,-60,66.3216
2154.4346900318824,4520.0,-80,66.3216
4641.588833612777,2850.0,-116,66.3216
