Frequency,Impedance,Phase Angle,Temperature (Dry Bath)
46.41588833612777,88900.0,-84,65.8653
100.0,24900.0,-42,65.8653
215.44346900318823,17000.0,-48,65.8653
464.15888336127773,11000.0,-54,65.8653
1000.0,7260.0,-65,65.8653
2154.4346900318824,4850.0,-87,65.8653
4641.588833612777,2830.0,-124,65.8653
