Frequency,Impedance,Phase Angle,Temperature (Dry Bath)
46.41588833612777,122000.0,-49,65.8227
100.0,48700.0,-38,65.8227
215.44346900318823,35400.0,-47,65.8227
464.15888336127773,23900.0,-57,65.8227
1000.0,15400.0,-72,65.8227
2154.4346900318824,9420.0,-97,65.8227
4641.588833612777,4760.0,-136,65.8227
