Frequency,Impedance,Phase Angle,Temperature (Dry Bath)
46.41588833612777,80500.0,-82,65.8586
100.0,25400.0,-30,65.8586
215.44346900318823,20200.0,-34,65.8586
464.15888336127773,15100.0,-44,65.8586
1000.0,10600.0,-59,65.8586
2154.4346900318824,7130.0,-81,65.8586
4641.588833612777,4120.0,-116,65.8586
