Frequency,Impedance,Phase Angle,Temperature (Dry Bath)
46.41588833612777,37400.0,-43,65.7325
100.0,26900.0,-39,65.7325
215.44346900318823,19400.0,-42,65.7325
464.15888336127773,13900.0,-49,65.7325
1000.0,9500.0,-64,65.7325
2154.4346900318824,6260.0,-91,65.7325
4641.588833612777,3450.0,-132,65.7325
