Frequency,Impedance,Phase Angle,Temperature (Dry Bath)
46.41588833612777,60200.0,-83,65.8096
100.0,20300.0,-77,65.8096
215.44346900318823,5410.0,-70,65.8096
464.15888336127773,1370.0,-40,65.8096
1000.0,1000.0,-41,65.8096
2154.4346900318824,798.0,-52,65.8096
4641.588833612777,600.0,-71,65.8096
