Frequency,Impedance,Phase Angle,Temperature (Dry Bath)
46.41588833612777,1820000.0,165,65.7004
100.0,1480000.0,66,65.7004
215.44346900318823,85900.0,137,65.7004
464.15888336127773,276000.0,-54,65.7004
1000.0,40800.0,-158,65.7004
2154.4346900318824,25100.0,-74,65.7004
4641.588833612777,5090.0,-119,65.7004
