Frequency,Impedance,Phase Angle,Temperature (Dry Bath)
46.41588833612777,99300.0,-50,65.8096
100.0,27800.0,-14,65.8096
215.44346900318823,25700.0,-13,65.8096
464.15888336127773,23900.0,-16,65.8096
1000.0,22000.0,-27,65.8096
2154.4346900318824,19700.0,-48,65.8096
4641.588833612777,17500.0,-75,65.8096
