Frequency,Impedance,Phase Angle,Temperature (Dry Bath)
46.41588833612777,78200.0,-47,65.9013
100.0,31300.0,-13,65.9013
215.44346900318823,28800.0,-13,65.9013
464.15888336127773,27200.0,-15,65.9013
1000.0,25200.0,-24,65.9013
2154.4346900318824,23000.0,-42,65.9013
4641.588833612777,20900.0,-64,65.9013
