Frequency,Impedance,Phase Angle,Temperature (Dry Bath)
46.41588833612777,74900.0,-80,65.6826
100.0,27600.0,-74,65.6826
215.44346900318823,5360.0,-38,65.6826
464.15888336127773,3870.0,-43,65.6826
1000.0,2660.0,-53,65.6826
2154.4346900318824,1890.0,-71,65.6826
4641.588833612777,1250.0,-98,65.6826
