Frequency,Impedance,Phase Angle,Temperature (Dry Bath)
46.41588833612777,113000.0,-25,65.8478
100.0,93200.0,-22,65.8478
215.44346900318823,79100.0,-20,65.8478
464.15888336127773,69600.0,-21,65.8478
1000.0,61800.0,-27,65.8478
2154.4346900318824,53100.0,-45,65.8478
4641.588833612777,47100.0,-54,65.8478
