Frequency,Impedance,Phase Angle,Temperature (Dry Bath)
46.41588833612777,55900.0,-80,65.7371
100.0,20700.0,-70,65.7371
215.44346900318823,4690.0,-32,65.7371
464.15888336127773,3580.0,-37,65.7371
1000.0,2580.0,-46,65.7371
2154.4346900318824,1840.0,-59,65.7371
4641.588833612777,1210.0,-73,65.7371
