Frequency,Impedance,Phase Angle,Temperature (Dry Bath)
46.41588833612777,86200.0,-85,66.3803
100.0,21500.0,-85,66.3803
215.44346900318823,15900.0,-61,66.3803
464.15888336127773,4690.0,-19,66.3803
1000.0,4170.0,-27,66.3803
2154.4346900318824,3710.0,-45,66.3803
4641.588833612777,3010.0,-73,66.3803
