Frequency,Impedance,Phase Angle,Temperature (Dry Bath)
46.41588833612777,874000.0,-15,65.8831
100.0,797000.0,-17,65.8831
215.44346900318823,393000.0,-7,65.8831
464.15888336127773,498000.0,-19,65.8831
1000.0,494000.0,-32,65.8831
2154.4346900318824,403000.0,-56,65.8831
4641.588833612777,273000.0,-75,65.8831
