Frequency,Impedance,Phase Angle,Temperature (Dry Bath)
46.41588833612777,64700.0,-68,65.6826
100.0,29300.0,-81,65.6826
215.44346900318823,11200.0,-46,65.6826
464.15888336127773,4420.0,-22,65.6826
1000.0,3870.0,-30,65.6826
2154.4346900318824,3390.0,-47,65.6826
4641.588833612777,2710.0,-74,65.6826
