Frequency,Impedance,Phase Angle,Temperature (Dry Bath)
46.41588833612777,1020000.0,-9,66.1883
100.0,913000.0,-8,66.1883
215.44346900318823,789000.0,3,66.1883
464.15888336127773,735000.0,-10,66.1883
1000.0,708000.0,-28,66.1883
2154.4346900318824,665000.0,-54,66.1883
4641.588833612777,590000.0,-83,66.1883
