Frequency,Impedance,Phase Angle,Temperature (Dry Bath)
46.41588833612777,59800.0,-84,65.7202
100.0,18900.0,-79,65.7202
215.44346900318823,6470.0,-62,65.7202
464.15888336127773,1860.0,-33,65.7202
1000.0,1410.0,-44,65.7202
2154.4346900318824,1030.0,-64,65.7202
4641.588833612777,692.0,-90,65.7202
