Frequency,Impedance,Phase Angle,Temperature (Dry Bath)
46.41588833612777,89100.0,-68,65.8484
100.0,28500.0,-15,65.8484
215.44346900318823,25900.0,-13,65.8484
464.15888336127773,23700.0,-16,65.8484
1000.0,21800.0,-23,65.8484
2154.4346900318824,19100.0,-37,65.8484
4641.588833612777,16400.0,-47,65.8484
