Frequency,Impedance,Phase Angle,Temperature (Dry Bath)
46.41588833612777,76300.0,-84,65.7447
100.0,23900.0,-75,65.7447
215.44346900318823,4250.0,-32,65.7447
464.15888336127773,3100.0,-32,65.7447
1000.0,2450.0,-37,65.7447
2154.4346900318824,1910.0,-48,65.7447
4641.588833612777,1360.0,-60,65.7447
