Frequency,Impedance,Phase Angle,Temperature (Dry Bath)
46.41588833612777,63200.0,-78,65.7371
100.0,24900.0,-58,65.7371
215.44346900318823,9960.0,-25,65.7371
464.15888336127773,8230.0,-28,65.7371
1000.0,6770.0,-36,65.7371
2154.4346900318824,5490.0,-53,65.7371
4641.588833612777,4070.0,-77,65.7371
