Frequency,Impedance,Phase Angle,Temperature (Dry Bath)
46.41588833612777,53600.0,-81,66.1238
100.0,21000.0,-65,66.1238
215.44346900318823,3760.0,-19,66.1238
464.15888336127773,3320.0,-19,66.1238
1000.0,3000.0,-25,66.1238
2154.4346900318824,2630.0,-40,66.1238
4641.588833612777,2140.0,-61,66.1238
