Frequency,Impedance,Phase Angle,Temperature (Dry Bath)
46.41588833612777,2370000.0,-2,65.8005
100.0,2240000.0,-7,65.8005
215.44346900318823,2010000.0,-7,65.8005
464.15888336127773,1870000.0,-19,65.8005
1000.0,1410000.0,-39,65.8005
2154.4346900318824,1490000.0,-69,65.8005
4641.588833612777,976000.0,-114,65.8005
