Frequency,Impedance,Phase Angle,Temperature (Dry Bath)
46.41588833612777,82900.0,-24,65.6826
100.0,69300.0,-22,65.6826
215.44346900318823,58000.0,-21,65.6826
464.15888336127773,50000.0,-22,65.6826
1000.0,43700.0,-28,65.6826
2154.4346900318824,37600.0,-43,65.6826
4641.588833612777,32300.0,-54,65.6826
