Frequency,Impedance,Phase Angle,Temperature (Dry Bath)
46.41588833612777,54000.0,-87,66.4125
100.0,25500.0,-79,66.4125
215.44346900318823,7690.0,-64,66.4125
464.15888336127773,2760.0,-65,66.4125
1000.0,1060.0,-29,66.4125
2154.4346900318824,846.0,-43,66.4125
4641.588833612777,658.0,-61,66.4125
