Frequency,Impedance,Phase Angle,Temperature (Dry Bath)
46.41588833612777,65500.0,-79,66.4066
100.0,25000.0,-69,66.4066
215.44346900318823,6180.0,-28,66.4066
464.15888336127773,5010.0,-30,66.4066
1000.0,3970.0,-39,66.4066
2154.4346900318824,3140.0,-54,66.4066
4641.588833612777,2290.0,-76,66.4066
