Frequency,Impedance,Phase Angle,Temperature (Dry Bath)
46.41588833612777,181000.0,-11,65.7783
100.0,168000.0,-12,65.7783
215.44346900318823,155000.0,-14,65.7783
464.15888336127773,145000.0,-19,65.7783
1000.0,130000.0,-29,65.7783
2154.4346900318824,118000.0,-44,65.7783
4641.588833612777,110000.0,-68,65.7783
