Frequency,Impedance,Phase Angle,Temperature (Dry Bath)
46.41588833612777,67400.0,-74,65.8484
100.0,30800.0,-13,65.8484
215.44346900318823,28500.0,-13,65.8484
464.15888336127773,26700.0,-16,65.8484
1000.0,24700.0,-27,65.8484
2154.4346900318824,22100.0,-49,65.8484
4641.588833612777,19500.0,-76,65.8484
