Frequency,Impedance,Phase Angle,Temperature (Dry Bath)
46.41588833612777,102000.0,-81,65.7325
100.0,28300.0,-20,65.7325
215.44346900318823,25700.0,-19,65.7325
464.15888336127773,23200.0,-18,65.7325
1000.0,21100.0,-25,65.7325
2154.4346900318824,18800.0,-40,65.7325
4641.588833612777,16700.0,-56,65.7325
