Frequency,Impedance,Phase Angle,Temperature (Dry Bath)
46.41588833612777,80000.0,-83,65.8089
100.0,7790.0,-31,65.8089
215.44346900318823,6950.0,-27,65.8089
464.15888336127773,5910.0,-29,65.8089
1000.0,4560.0,-34,65.8089
2154.4346900318824,3740.0,-49,65.8089
4641.588833612777,2750.0,-65,65.8089
