Frequency,Impedance,Phase Angle,Temperature (Dry Bath)
46.41588833612777,69400.0,-73,66.153
100.0,26800.0,-63,66.153
215.44346900318823,10500.0,-21,66.153
464.15888336127773,9220.0,-20,66.153
1000.0,8240.0,-26,66.153
2154.4346900318824,7290.0,-41,66.153
4641.588833612777,5850.0,-62,66.153
