Frequency,Impedance,Phase Angle,Temperature (Dry Bath)
46.41588833612777,74700.0,-83,66.3497
100.0,22200.0,-81,66.3497
215.44346900318823,6850.0,-72,66.3497
464.15888336127773,1360.0,-50,66.3497
1000.0,832.0,-58,66.3497
2154.4346900318824,510.0,-69,66.3497
4641.588833612777,290.0,-77,66.3497
