Frequency,Impedance,Phase Angle,Temperature (Dry Bath)
46.41588833612777,132000.0,-3,65.8478
100.0,122000.0,-12,65.8478
215.44346900318823,112000.0,-14,65.8478
464.15888336127773,103000.0,-19,65.8478
1000.0,93600.0,-29,65.8478
2154.4346900318824,86400.0,-46,65.8478
4641.588833612777,71400.0,-78,65.8478
