Frequency,Impedance,Phase Angle,Temperature (Dry Bath)
46.41588833612777,63400.0,-86,65.8653
100.0,20000.0,-79,65.8653
215.44346900318823,7420.0,-62,65.8653
464.15888336127773,1720.0,-48,65.8653
1000.0,1080.0,-57,65.8653
2154.4346900318824,667.0,-71,65.8653
4641.588833612777,366.0,-80,65.8653
