Frequency,Impedance,Phase Angle,Temperature (Dry Bath)
46.41588833612777,61100.0,-79,66.153
100.0,21200.0,-70,66.153
215.44346900318823,5740.0,-29,66.153
464.15888336127773,4600.0,-31,66.153
1000.0,3580.0,-40,66.153
2154.4346900318824,2790.0,-56,66.153
4641.588833612777,2010.0,-78,66.153
