Frequency,Impedance,Phase Angle,Temperature (Dry Bath)
46.41588833612777,79500.0,-101,65.6239
100.0,36600.0,-17,65.6239
215.44346900318823,30800.0,-18,65.6239
464.15888336127773,26700.0,-21,65.6239
1000.0,23100.0,-30,65.6239
2154.4346900318824,19600.0,-47,65.6239
4641.588833612777,16600.0,-64,65.6239
