Frequency,Impedance,Phase Angle,Temperature (Dry Bath)
46.41588833612777,61300.0,-77,66.4066
100.0,24200.0,-61,66.4066
215.44346900318823,9570.0,-19,66.4066
464.15888336127773,8380.0,-20,66.4066
1000.0,7460.0,-26,66.4066
2154.4346900318824,6450.0,-39,66.4066
4641.588833612777,5010.0,-55,66.4066
