Frequency,Impedance,Phase Angle,Temperature (Dry Bath)
46.41588833612777,48500.0,-32,66.27499999999999
100.0,36800.0,-32,66.27499999999999
215.44346900318823,28700.0,-37,66.27499999999999
464.15888336127773,21000.0,-47,66.27499999999999
1000.0,14400.0,-64,66.27499999999999
2154.4346900318824,9170.0,-90,66.27499999999999
4641.588833612777,4820.0,-127,66.27499999999999
