Frequency,Impedance,Phase Angle,Temperature (Dry Bath)
46.41588833612777,57600.0,-88,65.8653
100.0,20500.0,-81,65.8653
215.44346900318823,5860.0,-73,65.8653
464.15888336127773,1550.0,-38,65.8653
1000.0,1160.0,-41,65.8653
2154.4346900318824,890.0,-52,65.8653
4641.588833612777,652.0,-67,65.8653
