Frequency,Impedance,Phase Angle,Temperature (Dry Bath)
46.41588833612777,66800.0,-84,65.8512
100.0,23000.0,-82,65.8512
215.44346900318823,6620.0,-72,65.8512
464.15888336127773,1450.0,-40,65.8512
1000.0,1060.0,-41,65.8512
2154.4346900318824,820.0,-50,65.8512
4641.588833612777,613.0,-65,65.8512
