Frequency,Impedance,Phase Angle,Temperature (Dry Bath)
46.41588833612777,61000.0,-83,66.3807
100.0,21400.0,-81,66.3807
215.44346900318823,5920.0,-63,66.3807
464.15888336127773,1680.0,-33,66.3807
1000.0,1280.0,-43,66.3807
2154.4346900318824,958.0,-61,66.3807
4641.588833612777,685.0,-85,66.3807
