Frequency,Impedance,Phase Angle,Temperature (Dry Bath)
46.41588833612777,46100.0,-31,66.153
100.0,35200.0,-31,66.153
215.44346900318823,27200.0,-36,66.153
464.15888336127773,20600.0,-46,66.153
1000.0,14300.0,-62,66.153
2154.4346900318824,9320.0,-88,66.153
4641.588833612777,5000.0,-127,66.153
