Frequency,Impedance,Phase Angle,Temperature (Dry Bath)
46.41588833612777,64600.0,-71,65.7226
100.0,15100.0,-28,65.7226
215.44346900318823,12200.0,-25,65.7226
464.15888336127773,10200.0,-27,65.7226
1000.0,8680.0,-36,65.7226
2154.4346900318824,7200.0,-54,65.7226
4641.588833612777,5490.0,-83,65.7226
