Frequency,Impedance,Phase Angle,Temperature (Dry Bath)
46.41588833612777,45600.0,-89,65.8478
100.0,34000.0,-60,65.8478
215.44346900318823,13800.0,-17,65.8478
464.15888336127773,12500.0,-20,65.8478
1000.0,11300.0,-29,65.8478
2154.4346900318824,9970.0,-48,65.8478
4641.588833612777,8010.0,-79,65.8478
