Frequency,Impedance,Phase Angle,Temperature (Dry Bath)
46.41588833612777,73300.0,-10,66.3071
100.0,68600.0,-9,66.3071
215.44346900318823,64800.0,-11,66.3071
464.15888336127773,60600.0,-15,66.3071
1000.0,55700.0,-25,66.3071
2154.4346900318824,49300.0,-46,66.3071
4641.588833612777,44900.0,-66,66.3071
