Frequency,Impedance,Phase Angle,Temperature (Dry Bath)
46.41588833612777,73700.0,-81,66.3216
100.0,22800.0,-69,66.3216
215.44346900318823,6530.0,-16,66.3216
464.15888336127773,5890.0,-17,66.3216
1000.0,5450.0,-25,66.3216
2154.4346900318824,4940.0,-42,66.3216
4641.588833612777,4090.0,-69,66.3216
