Frequency,Impedance,Phase Angle,Temperature (Dry Bath)
46.41588833612777,67200.0,-88,66.3807
100.0,21500.0,-81,66.3807
215.44346900318823,5740.0,-71,66.3807
464.15888336127773,2100.0,-56,66.3807
1000.0,796.0,-26,66.3807
2154.4346900318824,724.0,-40,66.3807
4641.588833612777,585.0,-62,66.3807
