Frequency,Impedance,Phase Angle,Temperature (Dry Bath)
46.41588833612777,81800.0,-71,65.8831
100.0,18600.0,-17,65.8831
215.44346900318823,16900.0,-13,65.8831
464.15888336127773,15600.0,-15,65.8831
1000.0,14300.0,-22,65.8831
2154.4346900318824,12800.0,-37,65.8831
4641.588833612777,11300.0,-51,65.8831
