Frequency,Impedance,Phase Angle,Temperature (Dry Bath)
46.41588833612777,1440000.0,-69,65.8227
100.0,396000.0,-18,65.8227
215.44346900318823,349000.0,-10,65.8227
464.15888336127773,291000.0,-6,65.8227
1000.0,291000.0,-28,65.8227
2154.4346900318824,256000.0,-52,65.8227
4641.588833612777,264000.0,-82,65.8227
