Frequency,Impedance,Phase Angle,Temperature (Dry Bath)
46.41588833612777,100000.0,-17,66.1041
100.0,88000.0,-15,66.1041
215.44346900318823,79100.0,-14,66.1041
464.15888336127773,72600.0,-16,66.1041
1000.0,66500.0,-23,66.1041
2154.4346900318824,62600.0,-34,66.1041
4641.588833612777,52400.0,-52,66.1041
