Frequency,Impedance,Phase Angle,Temperature (Dry Bath)
46.41588833612777,64400.0,-72,65.7783
100.0,13700.0,-25,65.7783
215.44346900318823,11500.0,-20,65.7783
464.15888336127773,10100.0,-21,65.7783
1000.0,8800.0,-27,65.7783
2154.4346900318824,7530.0,-40,65.7783
4641.588833612777,5810.0,-56,65.7783
