Frequency,Impedance,Phase Angle,Temperature (Dry Bath)
46.41588833612777,437000.0,-12,65.8135
100.0,410000.0,-13,65.8135
215.44346900318823,376000.0,-16,65.8135
464.15888336127773,307000.0,-9,65.8135
1000.0,295000.0,-30,65.8135
2154.4346900318824,259000.0,-52,65.8135
4641.588833612777,235000.0,-82,65.8135
