Frequency,Impedance,Phase Angle,Temperature (Dry Bath)
46.41588833612777,87900.0,-91,65.8089
100.0,11500.0,-39,65.8089
215.44346900318823,25000.0,-56,65.8089
464.15888336127773,5960.0,-30,65.8089
1000.0,4750.0,-35,65.8089
2154.4346900318824,3860.0,-47,65.8089
4641.588833612777,2780.0,-61,65.8089
