Frequency,Impedance,Phase Angle,Temperature (Dry Bath)
46.41588833612777,84000.0,-81,65.7277
100.0,24600.0,-14,65.7277
215.44346900318823,22500.0,-13,65.7277
464.15888336127773,21100.0,-15,65.7277
1000.0,19700.0,-23,65.7277
2154.4346900318824,17900.0,-41,65.7277
4641.588833612777,16300.0,-62,65.7277
