Frequency,Impedance,Phase Angle,Temperature (Dry Bath)
46.41588833612777,473000.0,60,65.7627
100.0,261000.0,-98,65.7627
215.44346900318823,220000.0,-82,65.7627
464.15888336127773,22200.0,-12,65.7627
1000.0,103000.0,41,65.7627
2154.4346900318824,20200.0,-32,65.7627
4641.588833612777,16000.0,-42,65.7627
