Frequency,Impedance,Phase Angle,Temperature (Dry Bath)
46.41588833612777,62000.0,-79,66.2422
100.0,22000.0,-67,66.2422
215.44346900318823,5900.0,-27,66.2422
464.15888336127773,4770.0,-30,66.2422
1000.0,3780.0,-39,66.2422
2154.4346900318824,2980.0,-55,66.2422
4641.588833612777,2160.0,-76,66.2422
