Frequency,Impedance,Phase Angle,Temperature (Dry Bath)
46.41588833612777,66400.0,-85,65.7226
100.0,23800.0,-80,65.7226
215.44346900318823,7420.0,-71,65.7226
464.15888336127773,1510.0,-39,65.7226
1000.0,1100.0,-40,65.7226
2154.4346900318824,849.0,-51,65.7226
4641.588833612777,626.0,-66,65.7226
