Frequency,Impedance,Phase Angle,Temperature (Dry Bath)
46.41588833612777,787000.0,-16,65.9013
100.0,718000.0,-18,65.9013
215.44346900318823,646000.0,-20,65.9013
464.15888336127773,164000.0,-21,65.9013
1000.0,456000.0,-31,65.9013
2154.4346900318824,367000.0,-53,65.9013
4641.588833612777,252000.0,-73,65.9013
