Frequency,Impedance,Phase Angle,Temperature (Dry Bath)
46.41588833612777,83800.0,-70,65.8831
100.0,25900.0,-16,65.8831
215.44346900318823,23700.0,-14,65.8831
464.15888336127773,21700.0,-16,65.8831
1000.0,19700.0,-23,65.8831
2154.4346900318824,17300.0,-37,65.8831
4641.588833612777,14800.0,-47,65.8831
