Frequency,Impedance,Phase Angle,Temperature (Dry Bath)
46.41588833612777,65800.0,-85,65.7003
100.0,25000.0,-82,65.7003
215.44346900318823,6570.0,-75,65.7003
464.15888336127773,1140.0,-39,65.7003
1000.0,902.0,-37,65.7003
2154.4346900318824,758.0,-49,65.7003
4641.588833612777,581.0,-68,65.7003
