Frequency,Impedance,Phase Angle,Temperature (Dry Bath)
46.41588833612777,62100.0,-74,65.8512
100.0,13600.0,-25,65.8512
215.44346900318823,11400.0,-19,65.8512
464.15888336127773,10000.0,-20,65.8512
1000.0,8780.0,-27,65.8512
2154.4346900318824,7540.0,-40,65.8512
4641.588833612777,5810.0,-56,65.8512
