Frequency,Impedance,Phase Angle,Temperature (Dry Bath)
46.41588833612777,58200.0,-86,65.8478
100.0,20000.0,-79,65.8478
215.44346900318823,5500.0,-71,65.8478
464.15888336127773,1380.0,-39,65.8478
1000.0,1020.0,-42,65.8478
2154.4346900318824,812.0,-52,65.8478
4641.588833612777,612.0,-70,65.8478
