Frequency,Impedance,Phase Angle,Temperature (Dry Bath)
46.41588833612777,80700.0,-23,65.7202
100.0,67200.0,-21,65.7202
215.44346900318823,57200.0,-20,65.7202
464.15888336127773,50000.0,-21,65.7202
1000.0,44200.0,-27,65.7202
2154.4346900318824,38300.0,-42,65.7202
4641.588833612777,33400.0,-53,65.7202
