Frequency,Impedance,Phase Angle,Temperature (Dry Bath)
46.41588833612777,82300.0,-82,65.7003
100.0,35000.0,-11,65.7003
215.44346900318823,32500.0,-10,65.7003
464.15888336127773,31000.0,-14,65.7003
1000.0,29100.0,-23,65.7003
2154.4346900318824,26500.0,-43,65.7003
4641.588833612777,24100.0,-66,65.7003
