Frequency,Impedance,Phase Angle,Temperature (Dry Bath)
46.41588833612777,110000.0,-61,65.7374
100.0,27100.0,-12,65.7374
215.44346900318823,25300.0,-10,65.7374
464.15888336127773,24000.0,-15,65.7374
1000.0,22300.0,-26,65.7374
2154.4346900318824,20200.0,-47,65.7374
4641.588833612777,18000.0,-75,65.7374
