Frequency,Impedance,Phase Angle,Temperature (Dry Bath)
46.41588833612777,73200.0,-85,66.3216
100.0,21800.0,-80,66.3216
215.44346900318823,5890.0,-72,66.3216
464.15888336127773,2010.0,-64,66.3216
1000.0,850.0,-29,66.3216
2154.4346900318824,742.0,-42,66.3216
4641.588833612777,601.0,-64,66.3216
