Frequency,Impedance,Phase Angle,Temperature (Dry Bath)
46.41588833612777,283000.0,-88,65.7226
100.0,86200.0,-14,65.7226
215.44346900318823,78400.0,-14,65.7226
464.15888336127773,72100.0,-18,65.7226
1000.0,64100.0,-25,65.7226
2154.4346900318824,59300.0,-36,65.7226
4641.588833612777,48000.0,-53,65.7226
