Frequency,Impedance,Phase Angle,Temperature (Dry Bath)
46.41588833612777,93000.0,-11,65.7447
100.0,86400.0,-11,65.7447
215.44346900318823,79900.0,-12,65.7447
464.15888336127773,73700.0,-17,65.7447
1000.0,67000.0,-27,65.7447
2154.4346900318824,62800.0,-42,65.7447
4641.588833612777,52300.0,-69,65.7447
