Frequency,Impedance,Phase Angle,Temperature (Dry Bath)
46.41588833612777,60200.0,-82,65.8512
100.0,20800.0,-70,65.8512
215.44346900318823,4570.0,-33,65.8512
464.15888336127773,3420.0,-33,65.8512
1000.0,2680.0,-37,65.8512
2154.4346900318824,2120.0,-47,65.8512
4641.588833612777,1530.0,-59,65.8512
