Frequency,Impedance,Phase Angle,Temperature (Dry Bath)
46.41588833612777,72600.0,-83,65.9013
100.0,23800.0,-82,65.9013
215.44346900318823,6440.0,-68,65.9013
464.15888336127773,1410.0,-40,65.9013
1000.0,1020.0,-41,65.9013
2154.4346900318824,806.0,-53,65.9013
4641.588833612777,599.0,-71,65.9013
