Frequency,Impedance,Phase Angle,Temperature (Dry Bath)
46.41588833612777,60700.0,-84,65.9013
100.0,18400.0,-76,65.9013
215.44346900318823,6310.0,-66,65.9013
464.15888336127773,1970.0,-34,65.9013
1000.0,1510.0,-45,65.9013
2154.4346900318824,1090.0,-66,65.9013
4641.588833612777,721.0,-92,65.9013
