Frequency,Impedance,Phase Angle,Temperature (Dry Bath)
46.41588833612777,63100.0,-80,65.9013
100.0,22000.0,-67,65.9013
215.44346900318823,6390.0,-27,65.9013
464.15888336127773,5160.0,-31,65.9013
1000.0,4070.0,-39,65.9013
2154.4346900318824,3190.0,-55,65.9013
4641.588833612777,2310.0,-77,65.9013
