Frequency,Impedance,Phase Angle,Temperature (Dry Bath)
46.41588833612777,2320000.0,-2,65.7004
100.0,2170000.0,-7,65.7004
215.44346900318823,1970000.0,-6,65.7004
464.15888336127773,1800000.0,-19,65.7004
1000.0,1380000.0,-38,65.7004
2154.4346900318824,1490000.0,-68,65.7004
4641.588833612777,940000.0,-112,65.7004
