Frequency,Impedance,Phase Angle,Temperature (Dry Bath)
46.41588833612777,2370000.0,-74,65.8586
100.0,348000.0,-27,65.8586
215.44346900318823,1200000.0,-87,65.8586
464.15888336127773,513000.0,-44,65.8586
1000.0,19100.0,-115,65.8586
2154.4346900318824,1850.0,-67,65.8586
4641.588833612777,2330.0,175,65.8586
