Frequency,Impedance,Phase Angle,Temperature (Dry Bath)
46.41588833612777,92100.0,-65,66.2549
100.0,27900.0,-12,66.2549
215.44346900318823,25900.0,-12,66.2549
464.15888336127773,24300.0,-15,66.2549
1000.0,22700.0,-23,66.2549
2154.4346900318824,20600.0,-42,66.2549
4641.588833612777,18700.0,-63,66.2549
