Frequency,Impedance,Phase Angle,Temperature (Dry Bath)
46.41588833612777,72700.0,-85,65.8005
100.0,23100.0,-82,65.8005
215.44346900318823,6370.0,-73,65.8005
464.15888336127773,1500.0,-38,65.8005
1000.0,1110.0,-41,65.8005
2154.4346900318824,860.0,-51,65.8005
4641.588833612777,632.0,-66,65.8005
