Frequency,Impedance,Phase Angle,Temperature (Dry Bath)
46.41588833612777,94200.0,-84,65.7003
100.0,25700.0,-13,65.7003
215.44346900318823,23900.0,-11,65.7003
464.15888336127773,22600.0,-15,65.7003
1000.0,21200.0,-26,65.7003
2154.4346900318824,19300.0,-47,65.7003
4641.588833612777,17300.0,-74,65.7003
