Frequency,Impedance,Phase Angle,Temperature (Dry Bath)
46.41588833612777,846000.0,-10,65.8089
100.0,789000.0,-13,65.8089
215.44346900318823,233000.0,-2,65.8089
464.15888336127773,519000.0,-17,65.8089
1000.0,506000.0,-31,65.8089
2154.4346900318824,407000.0,-55,65.8089
4641.588833612777,270000.0,-75,65.8089
