Frequency,Impedance,Phase Angle,Temperature (Dry Bath)
46.41588833612777,93700.0,-97,65.7003
100.0,21800.0,-9,65.7003
215.44346900318823,18100.0,-14,65.7003
464.15888336127773,18000.0,-18,65.7003
1000.0,15600.0,-26,65.7003
2154.4346900318824,13400.0,-41,65.7003
4641.588833612777,11200.0,-54,65.7003
