Frequency,Impedance,Phase Angle,Temperature (Dry Bath)
46.41588833612777,1200000.0,-8,65.8227
100.0,1130000.0,-14,65.8227
215.44346900318823,876000.0,-8,65.8227
464.15888336127773,770000.0,-20,65.8227
1000.0,747000.0,-35,65.8227
2154.4346900318824,571000.0,-65,65.8227
4641.588833612777,329000.0,-83,65.8227
