Frequency,Impedance,Phase Angle,Temperature (Dry Bath)
46.41588833612777,56500.0,-79,65.7365
100.0,21500.0,-70,65.7365
215.44346900318823,5040.0,-31,65.7365
464.15888336127773,3860.0,-36,65.7365
1000.0,2780.0,-44,65.7365
2154.4346900318824,2030.0,-56,65.7365
4641.588833612777,1380.0,-70,65.7365
