Frequency,Impedance,Phase Angle,Temperature (Dry Bath)
46.41588833612777,82600.0,-12,66.2596
100.0,69300.0,-11,66.2596
215.44346900318823,62500.0,-13,66.2596
464.15888336127773,57700.0,-19,66.2596
1000.0,51900.0,-30,66.2596
2154.4346900318824,44600.0,-53,66.2596
4641.588833612777,37000.0,-77,66.2596
