Frequency,Impedance,Phase Angle,Temperature (Dry Bath)
46.41588833612777,60800.0,-81,66.1238
100.0,22000.0,-72,66.1238
215.44346900318823,4170.0,-34,66.1238
464.15888336127773,3090.0,-36,66.1238
1000.0,2300.0,-44,66.1238
2154.4346900318824,1670.0,-57,66.1238
4641.588833612777,1140.0,-71,66.1238
