Frequency,Impedance,Phase Angle,Temperature (Dry Bath)
46.41588833612777,67500.0,-85,65.8144
100.0,24000.0,-79,65.8144
215.44346900318823,6350.0,-75,65.8144
464.15888336127773,1360.0,-42,65.8144
1000.0,1010.0,-42,65.8144
2154.4346900318824,809.0,-53,65.8144
4641.588833612777,598.0,-71,65.8144
