Frequency,Impedance,Phase Angle,Temperature (Dry Bath)
46.41588833612777,123000.0,-14,65.7349
100.0,113000.0,-13,65.7349
215.44346900318823,106000.0,-13,65.7349
464.15888336127773,98800.0,-16,65.7349
1000.0,91500.0,-25,65.7349
2154.4346900318824,86900.0,-39,65.7349
4641.588833612777,73600.0,-66,65.7349
