Frequency,Impedance,Phase Angle,Temperature (Dry Bath)
46.41588833612777,42600.0,-85,66.3601
100.0,18500.0,-74,66.3601
215.44346900318823,8670.0,-45,66.3601
464.15888336127773,3140.0,-19,66.3601
1000.0,2930.0,-26,66.3601
2154.4346900318824,2550.0,-41,66.3601
4641.588833612777,2050.0,-63,66.3601
