Frequency,Impedance,Phase Angle,Temperature (Dry Bath)
46.41588833612777,121000.0,3,65.7003
100.0,23600.0,-14,65.7003
215.44346900318823,19800.0,-15,65.7003
464.15888336127773,17800.0,-20,65.7003
1000.0,15700.0,-27,65.7003
2154.4346900318824,13500.0,-43,65.7003
4641.588833612777,11300.0,-56,65.7003
