Frequency,Impedance,Phase Angle,Temperature (Dry Bath)
46.41588833612777,232000.0,-1,65.8005
100.0,218000.0,-4,65.8005
215.44346900318823,205000.0,-12,65.8005
464.15888336127773,185000.0,-16,65.8005
1000.0,182000.0,-27,65.8005
2154.4346900318824,166000.0,-46,65.8005
4641.588833612777,161000.0,-77,65.8005
