Frequency,Impedance,Phase Angle,Temperature (Dry Bath)
46.41588833612777,145000.0,-10,65.8831
100.0,135000.0,-10,65.8831
215.44346900318823,125000.0,-13,65.8831
464.15888336127773,115000.0,-18,65.8831
1000.0,104000.0,-29,65.8831
2154.4346900318824,96100.0,-44,65.8831
4641.588833612777,78600.0,-74,65.8831
