Frequency,Impedance,Phase Angle,Temperature (Dry Bath)
46.41588833612777,6190000.0,-14,65.6951
100.0,3250000.0,-32,65.6951
215.44346900318823,230000.0,-94,65.6951
464.15888336127773,124000.0,-102,65.6951
1000.0,73000.0,8,65.6951
2154.4346900318824,34700.0,20,65.6951
4641.588833612777,6970.0,146,65.6951
