Frequency,Impedance,Phase Angle,Temperature (Dry Bath)
46.41588833612777,62200.0,-82,66.3497
100.0,25300.0,-84,66.3497
215.44346900318823,6330.0,-77,66.3497
464.15888336127773,2020.0,-59,66.3497
1000.0,439.0,-54,66.3497
2154.4346900318824,293.0,-57,66.3497
4641.588833612777,208.0,-66,66.3497
