Frequency,Impedance,Phase Angle,Temperature (Dry Bath)
46.41588833612777,190000.0,-10,65.7365
100.0,176000.0,-11,65.7365
215.44346900318823,161000.0,-14,65.7365
464.15888336127773,148000.0,-19,65.7365
1000.0,132000.0,-29,65.7365
2154.4346900318824,121000.0,-44,65.7365
4641.588833612777,111000.0,-68,65.7365
