Frequency,Impedance,Phase Angle,Temperature (Dry Bath)
46.41588833612777,1160000.0,-10,66.3216
100.0,1000000.0,-8,66.3216
215.44346900318823,952000.0,-4,66.3216
464.15888336127773,867000.0,-12,66.3216
1000.0,825000.0,-29,66.3216
2154.4346900318824,792000.0,-55,66.3216
4641.588833612777,674000.0,-88,66.3216
