Frequency,Impedance,Phase Angle,Temperature (Dry Bath)
46.41588833612777,62500.0,-77,65.7365
100.0,21800.0,-66,65.7365
215.44346900318823,6350.0,-27,65.7365
464.15888336127773,5170.0,-30,65.7365
1000.0,4020.0,-39,65.7365
2154.4346900318824,3160.0,-55,65.7365
4641.588833612777,2290.0,-77,65.7365
