Frequency,Impedance,Phase Angle,Temperature (Dry Bath)
46.41588833612777,2300000.0,-4,65.8257
100.0,2190000.0,-7,65.8257
215.44346900318823,1980000.0,-8,65.8257
464.15888336127773,1820000.0,-19,65.8257
1000.0,1360000.0,-38,65.8257
2154.4346900318824,1510000.0,-68,65.8257
4641.588833612777,976000.0,-112,65.8257
