Frequency,Impedance,Phase Angle,Temperature (Dry Bath)
46.41588833612777,66300.0,-82,66.3803
100.0,21300.0,-67,66.3803
215.44346900318823,6140.0,-27,66.3803
464.15888336127773,5000.0,-30,66.3803
1000.0,3960.0,-39,66.3803
2154.4346900318824,3120.0,-55,66.3803
4641.588833612777,2270.0,-77,66.3803
