Frequency,Impedance,Phase Angle,Temperature (Dry Bath)
46.41588833612777,77800.0,-9,65.6239
100.0,69300.0,-11,65.6239
215.44346900318823,63600.0,-12,65.6239
464.15888336127773,58500.0,-15,65.6239
1000.0,53200.0,-23,65.6239
2154.4346900318824,46300.0,-40,65.6239
4641.588833612777,40900.0,-48,65.6239
