Frequency,Impedance,Phase Angle,Temperature (Dry Bath)
46.41588833612777,99600.0,-14,65.7447
100.0,92100.0,-13,65.7447
215.44346900318823,85700.0,-13,65.7447
464.15888336127773,80100.0,-17,65.7447
1000.0,74100.0,-27,65.7447
2154.4346900318824,69900.0,-41,65.7447
4641.588833612777,59400.0,-70,65.7447
