Frequency,Impedance,Phase Angle,Temperature (Dry Bath)
46.41588833612777,63200.0,-81,65.8688
100.0,24500.0,-70,65.8688
215.44346900318823,6470.0,-28,65.8688
464.15888336127773,5180.0,-31,65.8688
1000.0,4080.0,-39,65.8688
2154.4346900318824,3200.0,-55,65.8688
4641.588833612777,2310.0,-77,65.8688
