Frequency,Impedance,Phase Angle,Temperature (Dry Bath)
46.41588833612777,59100.0,-84,65.7325
100.0,18600.0,-79,65.7325
215.44346900318823,6200.0,-60,65.7325
464.15888336127773,1760.0,-31,65.7325
1000.0,1430.0,-45,65.7325
2154.4346900318824,1030.0,-64,65.7325
4641.588833612777,695.0,-90,65.7325
