Frequency,Impedance,Phase Angle,Temperature (Dry Bath)
46.41588833612777,60700.0,-73,65.8144
100.0,14000.0,-24,65.8144
215.44346900318823,11800.0,-19,65.8144
464.15888336127773,10400.0,-21,65.8144
1000.0,9010.0,-28,65.8144
2154.4346900318824,7660.0,-41,65.8144
4641.588833612777,5880.0,-56,65.8144
