Frequency,Impedance,Phase Angle,Temperature (Dry Bath)
46.41588833612777,133000.0,-10,65.6826
100.0,125000.0,-9,65.6826
215.44346900318823,118000.0,-10,65.6826
464.15888336127773,112000.0,-14,65.6826
1000.0,104000.0,-23,65.6826
2154.4346900318824,101000.0,-36,65.6826
4641.588833612777,87100.0,-64,65.6826
