Frequency,Impedance,Phase Angle,Temperature (Dry Bath)
46.41588833612777,63400.0,-72,66.2594
100.0,24700.0,-57,66.2594
215.44346900318823,10000.0,-20,66.2594
464.15888336127773,8840.0,-20,66.2594
1000.0,7690.0,-27,66.2594
2154.4346900318824,6630.0,-40,66.2594
4641.588833612777,5140.0,-55,66.2594
