Frequency,Impedance,Phase Angle,Temperature (Dry Bath)
46.41588833612777,70200.0,-84,65.7349
100.0,24500.0,-79,65.7349
215.44346900318823,7220.0,-66,65.7349
464.15888336127773,1520.0,-37,65.7349
1000.0,1110.0,-41,65.7349
2154.4346900318824,862.0,-51,65.7349
4641.588833612777,636.0,-66,65.7349
