Frequency,Impedance,Phase Angle,Temperature (Dry Bath)
46.41588833612777,31000.0,-17,65.8096
100.0,24700.0,-13,65.8096
215.44346900318823,23100.0,-13,65.8096
464.15888336127773,21800.0,-15,65.8096
1000.0,20000.0,-24,65.8096
2154.4346900318824,18100.0,-42,65.8096
4641.588833612777,16300.0,-64,65.8096
