Frequency,Impedance,Phase Angle,Temperature (Dry Bath)
46.41588833612777,59000.0,-83,65.8089
100.0,19200.0,-77,65.8089
215.44346900318823,5600.0,-74,65.8089
464.15888336127773,1050.0,-38,65.8089
1000.0,907.0,-37,65.8089
2154.4346900318824,772.0,-48,65.8089
4641.588833612777,587.0,-67,65.8089
