Frequency,Impedance,Phase Angle,Temperature (Dry Bath)
46.41588833612777,143000.0,-15,65.7226
100.0,127000.0,-12,65.7226
215.44346900318823,119000.0,-13,65.7226
464.15888336127773,111000.0,-16,65.7226
1000.0,103000.0,-25,65.7226
2154.4346900318824,97100.0,-40,65.7226
4641.588833612777,81200.0,-68,65.7226
