Frequency,Impedance,Phase Angle,Temperature (Dry Bath)
46.41588833612777,60100.0,-83,66.3601
100.0,20000.0,-77,66.3601
215.44346900318823,6160.0,-62,66.3601
464.15888336127773,1750.0,-34,66.3601
1000.0,1350.0,-43,66.3601
2154.4346900318824,998.0,-62,66.3601
4641.588833612777,706.0,-87,66.3601
