Frequency,Impedance,Phase Angle,Temperature (Dry Bath)
46.41588833612777,63900.0,-58,65.7783
100.0,32000.0,-72,65.7783
215.44346900318823,6980.0,-21,65.7783
464.15888336127773,6040.0,-20,65.7783
1000.0,5370.0,-28,65.7783
2154.4346900318824,4760.0,-46,65.7783
4641.588833612777,3850.0,-74,65.7783
