Frequency,Impedance,Phase Angle,Temperature (Dry Bath)
46.41588833612777,959000.0,-12,65.8478
100.0,882000.0,-14,65.8478
215.44346900318823,159000.0,-5,65.8478
464.15888336127773,567000.0,-18,65.8478
1000.0,563000.0,-32,65.8478
2154.4346900318824,456000.0,-58,65.8478
4641.588833612777,277000.0,-77,65.8478
