Frequency,Impedance,Phase Angle,Temperature (Dry Bath)
46.41588833612777,70100.0,-76,66.27499999999999
100.0,13100.0,-26,66.27499999999999
215.44346900318823,10900.0,-20,66.27499999999999
464.15888336127773,9590.0,-20,66.27499999999999
1000.0,8410.0,-26,66.27499999999999
2154.4346900318824,7340.0,-39,66.27499999999999
4641.588833612777,5750.0,-54,66.27499999999999
