Frequency,Impedance,Phase Angle,Temperature (Dry Bath)
46.41588833612777,67300.0,-77,65.7277
100.0,29900.0,-73,65.7277
215.44346900318823,5470.0,-38,65.7277
464.15888336127773,3880.0,-43,65.7277
1000.0,2730.0,-52,65.7277
2154.4346900318824,1950.0,-70,65.7277
4641.588833612777,1300.0,-97,65.7277
