Frequency,Impedance,Phase Angle,Temperature (Dry Bath)
46.41588833612777,39100.0,-14,65.7226
100.0,39700.0,-11,65.7226
215.44346900318823,36900.0,-13,65.7226
464.15888336127773,34600.0,-17,65.7226
1000.0,31700.0,-28,65.7226
2154.4346900318824,28300.0,-50,65.7226
4641.588833612777,24600.0,-79,65.7226
