Frequency,Impedance,Phase Angle,Temperature (Dry Bath)
46.41588833612777,73700.0,-83,66.3216
100.0,23700.0,-81,66.3216
215.44346900318823,6640.0,-74,66.3216
464.15888336127773,1630.0,-44,66.3216
1000.0,1100.0,-50,66.3216
2154.4346900318824,724.0,-62,66.3216
4641.588833612777,440.0,-72,66.3216
