Frequency,Impedance,Phase Angle,Temperature (Dry Bath)
46.41588833612777,44800.0,-19,65.7349
100.0,39700.0,-11,65.7349
215.44346900318823,37200.0,-11,65.7349
464.15888336127773,34800.0,-17,65.7349
1000.0,32000.0,-28,65.7349
2154.4346900318824,28500.0,-50,65.7349
4641.588833612777,24900.0,-79,65.7349
