Frequency,Impedance,Phase Angle,Temperature (Dry Bath)
46.41588833612777,63300.0,-83,66.1883
100.0,24400.0,-82,66.1883
215.44346900318823,5550.0,-74,66.1883
464.15888336127773,948.0,-23,66.1883
1000.0,837.0,-24,66.1883
2154.4346900318824,783.0,-39,66.1883
4641.588833612777,641.0,-61,66.1883
