Frequency,Impedance,Phase Angle,Temperature (Dry Bath)
46.41588833612777,68100.0,-69,65.6951
100.0,18100.0,-31,65.6951
215.44346900318823,14100.0,-28,65.6951
464.15888336127773,11700.0,-29,65.6951
1000.0,9750.0,-37,65.6951
2154.4346900318824,8070.0,-55,65.6951
4641.588833612777,6160.0,-84,65.6951
