Frequency,Impedance,Phase Angle,Temperature (Dry Bath)
46.41588833612777,1470000.0,2,65.8227
100.0,1430000.0,-8,65.8227
215.44346900318823,1410000.0,-4,65.8227
464.15888336127773,1300000.0,-15,65.8227
1000.0,1170000.0,-33,65.8227
2154.4346900318824,1140000.0,-61,65.8227
4641.588833612777,839000.0,-102,65.8227
