Frequency,Impedance,Phase Angle,Temperature (Dry Bath)
46.41588833612777,61900.0,-81,65.8227
100.0,19900.0,-86,65.8227
215.44346900318823,5160.0,-63,65.8227
464.15888336127773,1550.0,-38,65.8227
1000.0,1130.0,-41,65.8227
2154.4346900318824,883.0,-51,65.8227
4641.588833612777,648.0,-66,65.8227
