Frequency,Impedance,Phase Angle,Temperature (Dry Bath)
46.41588833612777,347000.0,115,66.3807
100.0,334000.0,108,66.3807
215.44346900318823,374000.0,-34,66.3807
464.15888336127773,670000.0,-63,66.3807
1000.0,9950.0,13,66.3807
2154.4346900318824,6490.0,-52,66.3807
4641.588833612777,4480.0,-55,66.3807
