Frequency,Impedance,Phase Angle,Temperature (Dry Bath)
46.41588833612777,3470000.0,-63,66.3807
100.0,1260000.0,-148,66.3807
215.44346900318823,156000.0,147,66.3807
464.15888336127773,365000.0,179,66.3807
1000.0,2180.0,89,66.3807
2154.4346900318824,9780.0,-58,66.3807
4641.588833612777,4140.0,-83,66.3807
