Frequency,Impedance,Phase Angle,Temperature (Dry Bath)
46.41588833612777,60000.0,-85,65.8586
100.0,18000.0,-80,65.8586
215.44346900318823,5960.0,-65,65.8586
464.15888336127773,1460.0,-42,65.8586
1000.0,1030.0,-43,65.8586
2154.4346900318824,830.0,-54,65.8586
4641.588833612777,615.0,-71,65.8586
