Frequency,Impedance,Phase Angle,Temperature (Dry Bath)
46.41588833612777,67500.0,-82,65.8831
100.0,22500.0,-76,65.8831
215.44346900318823,7660.0,-63,65.8831
464.15888336127773,2000.0,-35,65.8831
1000.0,1510.0,-46,65.8831
2154.4346900318824,1080.0,-66,65.8831
4641.588833612777,709.0,-92,65.8831
