Frequency,Impedance,Phase Angle,Temperature (Dry Bath)
46.41588833612777,68700.0,-71,66.39210000000001
100.0,13100.0,-26,66.39210000000001
215.44346900318823,10900.0,-21,66.39210000000001
464.15888336127773,9610.0,-20,66.39210000000001
1000.0,8470.0,-26,66.39210000000001
2154.4346900318824,7350.0,-39,66.39210000000001
4641.588833612777,5740.0,-55,66.39210000000001
