Frequency,Impedance,Phase Angle,Temperature (Dry Bath)
46.41588833612777,64200.0,-85,66.3803
100.0,21300.0,-80,66.3803
215.44346900318823,6210.0,-68,66.3803
464.15888336127773,1560.0,-36,66.3803
1000.0,1160.0,-43,66.3803
2154.4346900318824,885.0,-59,66.3803
4641.588833612777,652.0,-83,66.3803
