Frequency,Impedance,Phase Angle,Temperature (Dry Bath)
46.41588833612777,406000.0,-6,65.7202
100.0,382000.0,-9,65.7202
215.44346900318823,355000.0,-10,65.7202
464.15888336127773,319000.0,-10,65.7202
1000.0,306000.0,-23,65.7202
2154.4346900318824,284000.0,-43,65.7202
4641.588833612777,287000.0,-68,65.7202
