Frequency,Impedance,Phase Angle,Temperature (Dry Bath)
46.41588833612777,1220000.0,13,65.8586
100.0,1160000.0,15,65.8586
215.44346900318823,1170000.0,-5,65.8586
464.15888336127773,1050000.0,-13,65.8586
1000.0,945000.0,-31,65.8586
2154.4346900318824,908000.0,-59,65.8586
4641.588833612777,699000.0,-94,65.8586
