Frequency,Impedance,Phase Angle,Temperature (Dry Bath)
46.41588833612777,58100.0,-84,65.6239
100.0,18700.0,-80,65.6239
215.44346900318823,6090.0,-70,65.6239
464.15888336127773,1510.0,-38,65.6239
1000.0,1130.0,-41,65.6239
2154.4346900318824,875.0,-52,65.6239
4641.588833612777,645.0,-67,65.6239
