Frequency,Impedance,Phase Angle,Temperature (Dry Bath)
46.41588833612777,883000.0,-12,65.7627
100.0,807000.0,-14,65.7627
215.44346900318823,593000.0,-3,65.7627
464.15888336127773,563000.0,-18,65.7627
1000.0,534000.0,-32,65.7627
2154.4346900318824,434000.0,-55,65.7627
4641.588833612777,300000.0,-75,65.7627
