Frequency,Impedance,Phase Angle,Temperature (Dry Bath)
46.41588833612777,78300.0,-74,66.3216
100.0,17600.0,-17,66.3216
215.44346900318823,15600.0,-15,66.3216
464.15888336127773,14000.0,-16,66.3216
1000.0,12600.0,-22,66.3216
2154.4346900318824,11200.0,-35,66.3216
4641.588833612777,9690.0,-43,66.3216
