Frequency,Impedance,Phase Angle,Temperature (Dry Bath)
46.41588833612777,1210000.0,-10,65.8653
100.0,1140000.0,-14,65.8653
215.44346900318823,948000.0,-10,65.8653
464.15888336127773,847000.0,-21,65.8653
1000.0,767000.0,-35,65.8653
2154.4346900318824,594000.0,-59,65.8653
4641.588833612777,366000.0,-84,65.8653
