Frequency,Impedance,Phase Angle,Temperature (Dry Bath)
46.41588833612777,58900.0,-14,66.2594
100.0,53600.0,-12,66.2594
215.44346900318823,49600.0,-12,66.2594
464.15888336127773,46100.0,-16,66.2594
1000.0,42200.0,-25,66.2594
2154.4346900318824,37300.0,-44,66.2594
4641.588833612777,33700.0,-64,66.2594
