Frequency,Impedance,Phase Angle,Temperature (Dry Bath)
46.41588833612777,82900.0,-67,65.8144
100.0,22600.0,-19,65.8144
215.44346900318823,19400.0,-17,65.8144
464.15888336127773,17600.0,-20,65.8144
1000.0,15700.0,-30,65.8144
2154.4346900318824,14000.0,-52,65.8144
4641.588833612777,12200.0,-83,65.8144
