Frequency,Impedance,Phase Angle,Temperature (Dry Bath)
46.41588833612777,307000.0,68,65.7349
100.0,62100.0,-5,65.7349
215.44346900318823,67700.0,-11,65.7349
464.15888336127773,61000.0,-16,65.7349
1000.0,54400.0,-24,65.7349
2154.4346900318824,47400.0,-41,65.7349
4641.588833612777,41600.0,-49,65.7349
