Frequency,Impedance,Phase Angle,Temperature (Dry Bath)
46.41588833612777,93300.0,-80,65.7783
100.0,16500.0,-59,65.7783
215.44346900318823,5770.0,-18,65.7783
464.15888336127773,4970.0,-18,65.7783
1000.0,4520.0,-25,65.7783
2154.4346900318824,4050.0,-41,65.7783
4641.588833612777,3280.0,-63,65.7783
