Frequency,Impedance,Phase Angle,Temperature (Dry Bath)
46.41588833612777,56300.0,-82,65.7371
100.0,20300.0,-76,65.7371
215.44346900318823,3850.0,-37,65.7371
464.15888336127773,2790.0,-36,65.7371
1000.0,2090.0,-40,65.7371
2154.4346900318824,1590.0,-51,65.7371
4641.588833612777,1110.0,-63,65.7371
