Frequency,Impedance,Phase Angle,Temperature (Dry Bath)
46.41588833612777,1110000.0,-10,66.4066
100.0,984000.0,-8,66.4066
215.44346900318823,912000.0,-4,66.4066
464.15888336127773,827000.0,-12,66.4066
1000.0,782000.0,-28,66.4066
2154.4346900318824,744000.0,-54,66.4066
4641.588833612777,645000.0,-86,66.4066
