Frequency,Impedance,Phase Angle,Temperature (Dry Bath)
46.41588833612777,63000.0,-82,65.8512
100.0,23900.0,-78,65.8512
215.44346900318823,7040.0,-71,65.8512
464.15888336127773,1380.0,-44,65.8512
1000.0,1030.0,-44,65.8512
2154.4346900318824,804.0,-53,65.8512
4641.588833612777,604.0,-71,65.8512
