Frequency,Impedance,Phase Angle,Temperature (Dry Bath)
46.41588833612777,81700.0,-74,65.8005
100.0,18800.0,-20,65.8005
215.44346900318823,16400.0,-17,65.8005
464.15888336127773,14900.0,-20,65.8005
1000.0,13300.0,-30,65.8005
2154.4346900318824,11800.0,-51,65.8005
4641.588833612777,10400.0,-82,65.8005
