Frequency,Impedance,Phase Angle,Temperature (Dry Bath)
46.41588833612777,70100.0,-69,65.9013
100.0,18300.0,-32,65.9013
215.44346900318823,14300.0,-28,65.9013
464.15888336127773,11900.0,-29,65.9013
1000.0,9860.0,-37,65.9013
2154.4346900318824,8180.0,-55,65.9013
4641.588833612777,6250.0,-84,65.9013
