Frequency,Impedance,Phase Angle,Temperature (Dry Bath)
46.41588833612777,70200.0,-85,66.3216
100.0,20700.0,-79,66.3216
215.44346900318823,6550.0,-61,66.3216
464.15888336127773,1750.0,-33,66.3216
1000.0,1320.0,-43,66.3216
2154.4346900318824,997.0,-61,66.3216
4641.588833612777,705.0,-87,66.3216
