Frequency,Impedance,Phase Angle,Temperature (Dry Bath)
46.41588833612777,1530000.0,167,65.8688
100.0,919000.0,104,65.8688
215.44346900318823,388000.0,-64,65.8688
464.15888336127773,56700.0,-117,65.8688
1000.0,85800.0,-151,65.8688
2154.4346900318824,4840.0,-49,65.8688
4641.588833612777,2220.0,-55,65.8688
