Frequency,Impedance,Phase Angle,Temperature (Dry Bath)
46.41588833612777,74200.0,-71,65.8484
100.0,18400.0,-31,65.8484
215.44346900318823,14400.0,-28,65.8484
464.15888336127773,11700.0,-29,65.8484
1000.0,9880.0,-37,65.8484
2154.4346900318824,8180.0,-55,65.8484
4641.588833612777,6270.0,-84,65.8484
