Frequency,Impedance,Phase Angle,Temperature (Dry Bath)
46.41588833612777,119000.0,-11,65.8688
100.0,110000.0,-10,65.8688
215.44346900318823,103000.0,-13,65.8688
464.15888336127773,94800.0,-17,65.8688
1000.0,86000.0,-27,65.8688
2154.4346900318824,80200.0,-43,65.8688
4641.588833612777,66200.0,-71,65.8688
