Frequency,Impedance,Phase Angle,Temperature (Dry Bath)
46.41588833612777,75000.0,-64,65.6826
100.0,23400.0,-15,65.6826
215.44346900318823,20800.0,-13,65.6826
464.15888336127773,19500.0,-15,65.6826
1000.0,18300.0,-23,65.6826
2154.4346900318824,16800.0,-40,65.6826
4641.588833612777,15400.0,-60,65.6826
