Frequency,Impedance,Phase Angle,Temperature (Dry Bath)
46.41588833612777,70900.0,-73,65.8257
100.0,23000.0,-15,65.8257
215.44346900318823,21000.0,-12,65.8257
464.15888336127773,19400.0,-15,65.8257
1000.0,17900.0,-24,65.8257
2154.4346900318824,16100.0,-40,65.8257
4641.588833612777,14200.0,-58,65.8257
